V32,V2,V1,V31,V41,V38,V16,V43,V4,V46,V8,V28,V22,V25,V20,V14,V17,V24,V23,V40,V27,V10,V11,V30,V49,V47,V6,V34,V5,V3,V29,V36,V15,V35,V13,V26,V0,V33,V44,V39,V7,V21,V18,V42,V19,V12,V9,V48,V37,V45
-0.142660845505096,-0.31043773199458,-0.626057372024722,-0.533238256997364,0.131471319694389,-0.953813999847131,1.27423619508219,-0.583163440562446,-1.0182479753424,-0.534554560074698,0.0412049883565929,-0.114782549754065,1.37483067030291,0.455401687863894,0.686952878964495,0.44389819911306,-0.296340314312183,0.0185018164846564,0.0427266952641953,-1.16232593204764,-0.298503436644727,0.741187038362389,0.233801847336498,0.547345885371397,0.0644423055392021,-0.442002215785917,-0.359989599239404,-0.546786056620934,-0.087269081094908,-1.00148183264202,0.536192636380053,-0.178105102042386,0.761837007454693,2.07378916460443,-0.617220317870524,0.606546653591609,0.0924416560146635,-0.0816662048360137,-0.525957930116627,0.709845470649128,-0.596005026116129,1.09731566515822,0.263885957574987,-0.650277781836237,0.326699726647433,-1.01730400499391,-1.05256721937887,-0.583664929669449,0.381271837803436,-0.162619684480653
0.327867481011694,-0.416813609444985,-0.489175257988156,-0.434657491022624,0.0356035898955691,-1.0477804420173,1.14115007883445,-1.02696077737187,-1.03200169554984,-0.433652393806649,-0.232203397776598,0.315977314555548,1.3054273140944,0.098310571927404,0.891890372690266,0.912474026583022,-0.431850862517852,0.106899905574692,-0.593674459885058,-1.28958406767706,-0.419690949687953,0.381453449477356,-0.1829960649589,1.03347923820518,-0.269526639900769,0.257526233657975,-0.28387054493291,0.150583093222732,0.123517610730288,-1.14957759162786,0.587895754638379,-0.999170886011749,-0.586278944187269,0.410022214786068,-1.2049835328579,1.07877965924504,-0.18037697746403,-0.300701257325939,-0.954706685385789,0.725878921602438,0.127692528546541,0.278392166590602,0.262097821516719,-0.885952773306819,-0.394445104841875,-1.23753967443312,-1.10320405537302,-1.57311346726385,0.496315316147757,0.0309266612857448
-0.191918834486882,-0.230987487056225,-0.297414364585779,-0.250466631087343,0.678786884588559,0.0201934280030578,1.10595789456094,-0.58545431383171,-0.812999417613582,-0.441487723662022,0.103605009939839,0.52141593147549,0.983373499899198,0.512583189489242,0.941929577314258,0.263611290839292,-0.113906286170002,0.198116270751168,-0.142285090967221,-1.01789701307242,-0.215453994625864,0.165902576700795,-0.368439279081702,0.314119159721115,0.395708074284936,-0.307079494728163,0.0494053862117862,-0.556441073993291,0.542755534925912,-0.663143842509499,0.837464955519997,-0.236344501904319,-0.40337282903947,-0.758417630952694,-1.20300765753938,0.547398770501544,0.540875624241788,0.162519969922198,-0.56546407632576,0.554174150177993,-0.162646851775305,0.0680857828075094,0.594928460637618,-0.555975445325331,0.223738195738194,-1.10167680923895,-0.544223243415098,-1.21316406823595,0.403407222761121,-0.118018068121957
0.602751568522731,0.161737454926035,0.511396630362695,0.627479235189608,1.18150832724493,-0.0105501683692133,1.61223608079164,-0.919313209641342,-0.522762712979155,-1.18203786448248,-0.154499283089705,-0.0757112200445684,1.28080963865701,0.0090832821625808,1.23719145281821,0.840075463933844,-0.198160203516877,-0.044324244946406,1.66807212536594,0.0695396242329228,0.132801815896435,-0.616336458011677,0.062443447205646,0.68861379235028,-0.190111363091991,-0.884386518546665,-0.731963330918989,0.336862029062151,-0.0767989810687339,-0.203027371536632,0.874059647508335,-0.529171795529373,-0.126677018589214,0.535599998893471,-0.872505009720186,0.774556548215635,1.4332069420712,-0.133306716213505,-0.874064260090439,0.72647445003945,-0.872302192127038,-1.26524925711561,0.822115829665577,-0.897820565244859,-0.220482224266643,-1.0258863840247,-0.0416972381371326,-0.639721920982092,0.341805362624428,-0.303078159357026
0.575093226040442,-0.123997264374385,0.290316788498115,0.318899692383803,0.436074109686976,-0.312513711903278,1.20948308861267,-0.393996850963425,-1.03794013331237,-1.12432945194781,-0.129326498879781,0.401839450370731,1.09411755454909,-0.0974368659284754,0.44917265488475,-0.224703177251404,0.0559191649153418,0.225875256534442,-0.504991520677984,-1.12646484414565,-0.0915515912343073,0.474620276031413,0.0941045761939277,-0.191215609305296,0.297643129577208,-0.749608629136202,-0.430998888594969,-0.0878016591912963,0.187251713853124,-0.464990314787019,0.445150473867604,-0.611515975652136,-0.121828218931593,-0.0711103088438986,-1.03728665878131,0.786997199638436,0.511436574169999,0.362228131544606,-0.385562668651767,0.778345360103682,-0.788780467993913,-0.0645405865783285,-0.0892142781814114,-0.46271850655197,-0.230226054137801,-1.15082053881259,-0.773504932621678,-1.02830307723884,0.521228328524579,0.272422716679792
0.24552633522745,-0.345368236067237,-0.335149252057709,-0.0214011472287789,0.0286167635263859,-0.68703042063382,1.13486008154334,-0.34786666530299,-0.612234926565179,-0.540916641384776,-0.140414139966975,0.180172458978181,0.807000161881024,0.312637799243349,0.944792310197361,0.146970420196927,-0.159128406879825,0.0674416365034111,-0.869074579638888,-0.826342452273157,-0.33272731466919,0.877966532615022,-0.191456718549096,0.418938456049507,-0.106425254184671,-0.495782906220733,-0.425359964241274,0.346845509268263,0.270192593681302,-1.14242658436242,0.706272293564806,-0.518869286229614,-0.416961967957261,0.143443509934795,-1.0166409449307,0.8082718567025,-0.256205613855067,-0.149695548853168,-0.360604794712018,0.744757810215108,-0.159066143335056,0.528039878115668,0.241076597761244,-0.457122910948266,-0.127708428658121,-1.01843793935339,-1.29468535552213,-1.40310683972442,0.582052563899743,0.164800304461803
0.29523634662901,-0.55760315805619,0.605789380528895,0.424855721336286,0.188418651265585,-0.835004284654478,0.91769498216421,-0.936522180108538,-1.17869300973195,-0.670915591308462,-0.409812550889714,-0.032573572329601,0.842719992663807,-0.790458060635739,0.816949895026341,0.220902078076929,-0.294633469791379,-0.286316148940642,-0.403144437960416,-1.51223539144081,-0.525978906918736,-1.02453707476217,0.428708250507357,0.0619957599634977,-0.00611850224529713,-0.218657844150225,-0.18098179025933,-0.641872252319127,-0.0576083095833043,-1.05892268856124,0.616585859058602,-1.13584777643311,0.13920556946222,1.41202898105121,-1.65784747039514,0.759633861608557,-0.026765138895364,-0.0538903389368345,-0.95601210656069,0.459647287083528,-0.130426193549948,-0.518016884067407,-0.558499107183851,-0.928790097848448,-0.466987687166646,-1.08887010597867,-0.928435670029007,-1.1323570207105,0.585653162965685,-0.0508150717291529
0.263074333236499,-0.781606245962857,0.266597379239329,-0.206113222195534,0.0231298895814257,-0.947007377430789,1.00055739177203,-1.28744345120593,-1.14376370128137,-0.854043720633797,-0.857759362005673,-0.296760936569901,1.34893546358753,0.0437119292152476,-0.00188955906565663,-0.326156418475284,-0.606633605990671,-0.331650913198793,0.0564816615920943,-0.3022186461844,-0.750139753375477,-1.20119595891935,-0.339113267219461,-0.665344477266415,-0.371713073437316,-0.275578495652206,-0.673230952032284,-0.459846107479955,-0.145674449180998,-1.02646720461884,-0.104690558374666,-1.44224813979865,-0.0229129474673838,-0.588557099789065,-2.32551459140171,0.80542031991651,0.356760644880707,-0.171571084256449,-1.19865427277838,0.480285408262014,0.0389689411388591,-1.53582908216215,-0.788928674290088,-1.27284129027999,-0.299544988762773,-0.810206622131117,-0.60514742675117,-1.90799714636709,0.682488672872479,-0.5085996230775
0.112258423890966,-0.734160719383812,-0.214730535977426,-0.249831182342175,-0.165302540861133,-0.547006865531427,0.809489401969589,-0.564387653381579,-1.0189708914214,-0.710293527327108,-0.224466153508808,0.00398866109786163,0.634540355319396,-0.400633042685603,-0.149337978606758,0.175952221882674,-0.218050526289196,-0.234702013282298,-1.07388084550506,-1.09059540335211,-0.669812924770906,0.461219718133039,-0.46525400080201,-0.111447761100799,0.036125964529721,-0.140100319502543,-0.214499009489236,-1.34138615722492,-0.133975484821088,-1.17022537065697,-0.0921096402279726,-0.532295965627631,-0.28731773076262,-1.06356666777806,-1.55840875253671,0.892028904391988,-0.11117850181371,0.105013173963712,-0.435970341516301,0.592421911817363,-0.311445199448125,-0.572304954832827,-0.687064601663899,-0.401181178606689,0.130033783786973,-0.905848190654081,-0.92929088451908,-1.71906206728465,0.457556159529059,0.254968665330846
0.0113968389886934,-0.450881462270183,-0.559367410632982,-0.419166806676035,-0.188781774034808,-0.770447301846356,0.982156563113261,-0.313335244214646,-0.838278936075152,-0.941328940649072,-0.259928294899014,-0.298153846354158,0.439715196896235,-0.385521298638584,0.0430503832190066,0.464596005066725,-0.591491773278527,-0.0459388737870282,-0.460952146008518,-0.402105747498475,-0.413809198814422,0.476035094576214,-0.312525628407663,0.295281253579483,0.0918870795389869,-0.263866852356965,-0.336489378695978,-0.411332056172976,-0.103714052069154,-0.998511834831418,-0.0122458976479205,-1.43360443456762,-0.498696658303256,0.329013869367726,-1.07392991671788,0.781136246637628,-0.025161630469385,-0.0557490101350861,-0.313708153529342,0.55644667993979,-0.786635142090494,-1.26617470423368,-0.340277761276967,-0.347453053510608,-1.09956100145279,-1.29845273024495,-0.936638000727249,-1.02601258717476,0.77288064358701,0.0293009085730295
0.597251215633501,1.38128086851732,0.989537976503346,1.92777000827016,1.34915908319395,2.14459656666788,0.924943497531596,2.52831764196874,1.58566967332242,2.03086448538361,2.41492011020655,2.01422887632125,0.874030038092905,1.92388748173035,1.08176915784238,1.22421547101608,2.31392715475289,1.82744954341194,-0.128530192810917,-1.209910847024,1.4880261183712,1.13817295032761,1.78236384905981,1.29518933134323,2.28127691964938,1.83308121651828,2.46748823183668,1.93234827506286,1.98021912885521,-1.23096989064278,1.65690477572721,2.24801233785741,-0.360633253579182,-0.765381244731866,0.777110128674044,0.626717165749062,1.08686979710876,2.17540352646576,2.57974411568616,1.50165130534241,0.138599896801818,2.15910635193254,1.22693599435993,2.550269823727,-0.0258534191745239,-1.26637743033892,-0.71280031648879,1.03614922980126,1.10713376869758,2.03601721170381
-0.390423059734084,1.16814120902591,-0.221089840854049,0.881481075208941,0.877488211224375,2.06062876492193,0.897287611652277,2.5059158656845,1.7215174538841,1.57321233312425,2.09349711269428,1.75410008629578,1.09847596752085,1.8068398942951,0.0649100859561876,0.414605509659048,1.64377494441755,1.96438881119982,0.557077931895675,-0.111655997830119,1.30117711958415,3.2281329730019,0.984588931669831,0.434299750189107,2.44756676151975,1.74965950764482,2.30199768884873,1.98626846087359,1.83631047618889,-0.694829791245794,0.950260610951233,1.64179924768111,-0.480916875727456,-1.40227401042623,0.966786719011362,0.541433307654086,0.932379467840694,2.27470945217411,2.41463266919339,1.48023621205347,-0.050383781345574,2.32396223887223,0.947430573912538,2.33169870243029,0.093859783357024,-1.01155832003256,-0.827531917016603,0.686427721692507,1.61957074944115,2.01276806453429
0.0918188008932959,1.16115886377593,-0.636013498392221,0.723706502450932,0.685013610125375,2.16019925633055,0.938545641790682,2.53615618092518,1.90090614314437,2.03510496780051,2.0294413167829,2.30095880096266,1.06150390063642,2.11431992655203,0.113189220741901,0.413298434362251,1.71130920498952,2.21679890690754,-0.284395521215268,-1.08497515772437,1.2963447566936,1.71287924981244,1.20328736766931,0.555034685779938,2.21785327226289,1.70043184306161,2.33399728295317,2.18556476808542,2.29735717166752,-0.739299605180553,0.908922964337864,1.70712921756717,0.272293921631008,-0.945753896000765,0.9577652222434,0.627823745245724,0.561415449504452,2.18586546954707,2.53970302134062,1.63526909128215,-0.285264962362808,0.980192133008776,0.858769608838462,2.5700416594996,0.215928090973853,-1.06343979825029,-1.21463472906724,0.853482478859996,1.35227354427565,2.0411647921491
-0.134515710759676,1.10769839490631,-0.813987986840591,0.307184701756786,1.41383042611544,2.14547306047634,1.04596887602285,1.89667758635439,1.3139066819152,1.69130040169106,1.81392943787205,1.63810806445171,0.869669893245918,1.38489049366484,1.48335905895515,0.914874444611935,1.30005046823617,1.70696985799912,0.21243429606262,-0.91962887614189,1.16354642865928,1.76647118848593,1.11172178434826,1.11916631266881,1.74890969309592,1.57141276296382,1.77562685209184,0.289655687537746,1.65160372733126,-1.11388783989735,1.77385332925605,1.53914192829263,-0.275846013729232,0.350768965814105,1.03128103252303,0.823648486000513,0.992669773820442,1.63049967997887,1.90476112867195,1.45043387931003,-0.157139794405037,1.87178611597484,1.01724753516254,2.03056186785215,-0.247360833346255,-0.855494155128629,-0.741411925904695,1.11202138659268,1.16755555955308,1.76144128667084
-0.127820743885265,1.43865216471787,-0.530087226953358,1.44527487126289,1.08673784270979,2.1840235241754,1.07699268000098,3.09642876870576,2.13591294591662,2.11755431568264,3.14147202570396,2.7266271699005,1.12726075001429,2.27079190064001,1.01594807515506,2.42832124213403,2.08000275861202,2.13982011036088,0.334822052904006,-1.04277075222232,1.60668057760428,2.29534517913097,2.14316330701987,2.56251777337381,2.83644943901157,1.78626873282573,2.68263904556849,2.47862961432853,2.63486167533762,-1.16494508549208,1.86369250804014,2.17528138162309,-0.520130631240834,0.969247476554814,1.7611697878508,0.73210070138313,0.458242373262316,2.97039636702725,3.07099699517955,1.85916931393593,-0.258580930780176,0.420048267780251,2.16689891456499,3.07772111921462,-0.308859814977052,-0.945569534551278,-1.78530828199823,1.67256811708187,1.02081142166256,2.60882896408625
0.151071313417385,0.798622424461997,0.0268754771148339,0.49952262554494,1.00335094650008,1.07444110924277,1.17489759680816,0.636597059943042,0.0907131544719603,-0.521901276709062,1.00922232894151,0.985564914912057,1.18597056948363,1.36456796823923,1.10841631511642,0.740241004192136,0.539055335137568,0.966055986384278,-0.111745867972032,-0.406304403904855,0.824054205154534,1.17273959358883,0.213466926054986,0.854314992191336,1.09945590700424,-0.605198974489794,0.461316122490298,-0.254588645297932,1.18591410336491,-0.321265219656611,1.21376200895018,0.447382793404286,0.536297738111342,-0.708471018802569,-0.0458434904823335,0.671829148974209,0.981429482108029,1.00916149883537,0.66084209278346,1.10710279211911,-1.13143435232762,-0.605544962551829,1.13053457046342,0.585438334017657,-0.266640084089862,-1.00209403266969,-0.428265412429707,-0.0778867191191131,1.32656178483181,0.969991712611114
-0.137916316859293,-0.0465259507993327,-0.779019890727882,0.201208750656493,0.250883185360678,0.272302456037978,1.11356274688646,0.679747316021645,0.240324420456615,0.571322238304226,0.909773606879658,1.07516082000923,0.568761716666707,1.01280513770017,0.664349904553699,0.534757504095922,0.456826912087633,0.750775963920673,-0.534286879745377,-0.989315758041866,0.0342659324231231,1.01027548253052,0.251033500056601,0.821663457659122,0.983204375106766,1.55394703337234,1.23364979332435,0.217043994513311,1.36605185721564,-1.02570626389174,0.829546556694527,0.327018794775392,-0.728919547714826,-0.432656508278676,-0.49907528131616,0.866707961948252,0.100752220497376,0.912591303090916,0.707324717977754,1.00626249168836,-0.172906018085851,0.146382703397341,0.780098042177153,0.730252833324505,-0.321846736722299,-1.08117508239336,-1.24759856175921,-0.518963760456212,0.292502858319882,1.12235022240929
0.518021640322652,-0.147707096964302,-1.12606033933337,-0.47427658893088,0.193330890302671,0.0494234411084545,1.09226059875786,0.263000910727704,-0.238417324915063,-0.228106764867997,0.142354450317978,0.190395088772903,0.611099640294321,1.11754525503548,0.414275971606621,0.125820634013137,0.103351925938961,-0.0955077199083568,-0.745137947294309,-1.01068034044235,-0.0822235913848652,-0.534680589473277,-0.202021904713092,0.107115582007184,0.276658182961582,0.219407670379099,0.239356687111439,0.464050757834741,0.5356825305698,-0.842493539361332,0.476779002095593,-0.265082116065817,-0.541397181802363,-0.834894494861654,-0.891623694081861,0.984918096559111,0.121979516109502,0.486012565411905,0.179846642901302,0.889164907396988,-0.553541840198486,-0.0597327310104004,0.332352640656331,0.0911898214701624,-0.742434844747737,-1.11492697622656,-1.09552693774863,-0.992573679767663,-0.0176977601630729,0.771560227298561
0.226830584424728,0.849900567848299,0.0528462445399624,0.427250146693609,0.986334505296077,1.14163382352116,1.01379266631084,0.733390122690654,0.490114927598632,0.868556900856311,1.10387551927317,1.23211882393356,0.656691190665838,1.08229390213038,0.890637956021972,1.51821661763031,0.769403314677889,1.12343063666032,-0.0317395750676767,-0.951440245391057,0.894628145615551,0.470940977827445,0.859992330710679,1.34766637845305,0.959035204165685,0.967598206965888,1.10951347686743,0.358640141507494,1.209664134767,-0.687468003011221,1.06838858712861,0.496638338121836,-0.204005793046779,0.00649040926687495,0.196596734541332,0.809625254389599,1.04439081186,1.12814911843968,0.791677845774196,1.04109379375337,0.305259359154556,0.0217184850885739,1.24339509752995,0.661432787455218,-0.395704950774259,-1.01882117298414,-0.352451882501882,0.221160541772854,1.25664161194046,0.94365826112754
3.50519017333892,1.65628237788238,2.23886263852206,2.63402342188024,0.681560120059399,0.92318456753413,1.08028427315755,1.01600271928281,1.55540480770336,0.791925384856616,0.704541768806236,1.708002259511,1.06081310791129,1.02872687220123,0.394068466823334,-0.826440663459961,2.35537867622325,1.41183033182343,0.344572423455621,-1.09890594015452,1.68288386729811,0.33145757391577,2.28941716352543,-0.474902360776201,1.13945045324524,1.20151071667326,1.1180831557458,0.522240492130822,1.24729513481766,-1.29444086927202,0.776630187366629,0.329070475978023,-0.867197934786461,-0.0817340346216232,-0.117059538946641,0.6927800560766,0.860660237677904,1.35696511076046,1.01896856268684,1.18844447001774,0.0373493591162633,-0.494092680878686,-0.493250161073522,1.20501929277649,-0.28942423762102,-1.0590181694961,-0.742724781337035,0.0407446258432697,0.867076429465234,0.995355110744778
2.56994069741885,1.28608341755582,0.724794324888208,0.943585204647807,0.15438063502783,0.149649848979029,1.01059671687665,0.548778098680761,1.38011648380416,0.623944955067666,0.672434730784829,0.96259782353474,1.56459855150883,1.04666364413867,0.2627447519524,0.00710078407731404,1.544820896277,1.38095617413678,0.194756955446223,-0.947153666948655,1.34438446518988,1.64644191489627,2.37029503041069,0.288838814782158,1.17337182177113,0.935676309347236,0.952631657441717,0.930385196574836,0.595494261234496,-1.09708875011164,0.683339915883139,-0.431521325251423,-1.31867776148747,2.57913277899276,0.477743437725908,0.857522020800493,0.0822878501644251,1.3042643226787,0.623551445437052,1.18819466992192,0.0435250322622826,1.12738449369986,0.474723516075721,0.488499724966976,-1.24777101708239,-1.39139299144476,-1.35146343838483,0.435139774399198,0.886225140711157,0.746002160697206
2.51321958096378,2.24712917983808,2.15408219381894,1.99818414851006,1.34686976757091,1.76760514486874,1.09868682261758,0.941791390754017,1.84333807696939,0.414788637084134,0.455928987673184,0.180906907394545,0.317158562717369,2.02173435034974,-0.0267436337131292,-0.474024016678295,1.75093293172302,1.15607558611258,2.29831330044556,0.655511761916722,2.1673599395902,0.033206119357827,1.95690017643587,-0.667455658074332,0.857939702794334,0.57518017464441,0.676893854630984,1.18966244938137,0.560758317651372,1.05517641111511,0.294583406594015,0.242772309943316,-1.90816788444637,0.833798433318057,1.4122321137852,0.705575976817212,2.26304127032378,0.904141776310678,0.953509057840171,0.909549497428288,-0.267736937032388,0.434503288718381,0.775523289424274,0.80547715591835,-1.32705573612714,-1.01226846278135,0.770737578852596,1.93570499869844,1.25898445633885,0.730353656222479
3.42641518354182,2.87133956798353,3.88617049369177,2.92052551398707,2.56697484544945,1.11988554670693,0.99651434719222,-0.0408348801645788,2.2477404410748,-0.374053828855895,0.70509122293599,0.68694648909025,1.43654312261779,0.638538521669744,1.65450712412518,0.565909278268196,2.14835911717792,1.49517517755934,2.88997814771163,2.20741319362467,2.73791323815603,-0.259181632139761,2.01154434894139,0.786999718607643,0.517508904377523,0.0969719149993787,0.207184767334779,1.27574528644953,0.889669706793963,1.69637833643415,1.44968098517243,0.924590530437171,-1.43034916487352,0.230064070502707,1.57774725400785,1.00336973657239,2.53149115184648,0.452817844190711,0.0143616070255477,1.05776525083947,-0.385598758016047,-1.16702936063316,1.36642015779424,0.170372980479157,-0.738725260917117,1.7004732769762,1.38507053828277,1.45463376623223,1.59975638446799,0.699114589787225
-0.573429913891404,0.832722412066094,0.858960560635983,0.284571839691609,0.746841202916831,0.624581599452532,-0.94595448540745,0.360387683164643,0.367628687483753,-0.184461517553876,0.168926377752363,0.541535941623645,-0.665078527914182,-0.141982336694166,0.759312677609984,0.0942119959673278,-0.0660494690232475,0.54300361995389,0.988914588822084,1.48889887978251,0.724298159854326,-0.839709552222693,-0.525206817797461,0.248933381005996,-0.14196193215417,0.47332611631902,0.0237739660693428,0.566171283593297,0.711693043100314,1.92705611802229,0.479340536452227,0.631943660565293,-1.96230110103736,-1.2568270313337,1.16790162751005,0.805942311336578,0.428429340626924,-0.373718983041182,0.374419338703062,0.126232006560208,-0.533869929791417,0.474887309431166,0.72395864972143,0.330357029272394,-1.11847280031479,1.82109997085461,1.4871128352238,1.16777726174385,0.92286723808343,0.733670258726765
-1.2001584033677,0.901985898264054,0.183323259549304,-0.107619421876551,1.11877911689817,0.559298440839312,-0.862883494437558,0.466555544782249,1.01114775235262,0.419712077194047,0.574368611816235,-0.0696300440887662,-1.69670038777038,-0.202314408909172,0.875356236879912,1.58929726217556,-0.296458686584997,0.331738701142169,1.35987844457125,1.60155849214318,0.824582805853364,0.411372771179701,-0.104933072543769,1.2965627844776,-0.23148966259771,0.407705321634893,0.102767322529698,1.18284842075821,-0.0904351714729162,1.60966445255711,0.603971470013541,1.05398477204074,-0.81790911803054,0.37610796179791,2.17023084321468,0.413578912452095,0.915713177671038,-0.127322681234678,0.545278668784023,-0.203810158982126,-0.575555775589107,0.214122307062071,1.69957062747791,0.572771492072359,-0.741408259807924,1.58525234068591,1.70007362323182,2.05453110593648,0.109004980811918,0.692420761880587
-0.516744964275572,1.10763131913981,0.983607947769079,0.972751328161319,0.824526875125074,1.07077749252605,-1.01940647802231,0.650589702342196,1.13221050353848,0.179119308677235,0.477153824245922,-0.235530945331618,-1.72290094323253,0.0479831626680157,0.71244140958294,0.613619760411023,0.179021670155389,0.371835860955572,1.02805552300297,0.824811290198121,1.03612824338317,-0.239836315241892,0.458130343311536,0.574692186156562,-0.100027569302501,-0.027398885980689,-0.0602479258595692,0.212786872158501,0.418377138081135,1.55507832778065,0.519374020104586,0.973398371158975,-0.105443843424586,0.926220656978521,2.17182582953041,0.758316943477145,0.730388467127696,0.0593780206999089,0.626742992593629,-0.0473613467874668,-0.177821227813097,0.00200602881605657,1.2271533289954,0.662826966708009,-0.459513799752685,1.10431524759768,1.67181709334075,2.29133384911681,0.0993825531102046,0.747037221317185
-0.423240299474414,0.425246016231673,0.995412907722217,0.128842561010659,0.00294955319621709,-0.394026764898035,-1.14116053856628,-0.536466914958431,0.330543493558027,-0.853120510948002,-0.852795729752436,-0.694893423913476,-1.04416446504709,-1.30220502484064,-0.24104458658667,-0.299402287237513,-0.813404050900264,-0.0758738350994442,0.961439428900259,2.19143721000256,0.326647255590585,-0.225679742200805,-0.308596342343418,-0.495933632044423,-1.00535658261981,-0.65603560465371,-1.07402626856169,-0.78453932067298,-0.471300525434724,1.91866716107628,-0.524342431514587,-0.538531780230886,-0.670431114903791,0.768410398498602,1.30157772852498,0.41802932136306,0.0382840292388497,-0.911544215206705,-0.678388530348946,-0.499789649942708,-0.464816056950593,0.131938601684285,-0.184622825449681,-0.782115422961908,-1.15871474653057,1.45207326210351,1.51416242480338,1.17027791746635,0.68792969901054,-0.282765611844553
-0.320386371268142,0.32654985531264,0.330460011704276,0.0981039049596955,0.642490284731815,-0.110564387187021,-0.907771341044496,-0.873549280222022,-0.245017457770569,-0.941524902958358,-0.58720165158989,-0.783994937025159,-0.399728447518159,-0.961402149841396,0.0908072140170025,0.43955741651151,-0.787760080572985,-0.37624685741823,1.52642936207695,1.40697458514746,0.236685758691639,-1.01490767187261,-0.819069457524699,0.41461316515076,-0.856049338945502,-0.272197363732917,-0.864036366285771,-0.498247927806295,-0.511873813258217,1.51290003136977,-0.275952343935209,-0.537442566451485,-0.262786341509708,-0.469615497949574,0.620590718793078,0.428368322406717,0.978890776889406,-0.883660225712947,-0.793080829903085,-0.464313228790816,-0.283266397645259,0.000185231393885973,0.33123292509589,-0.822699890239292,-1.24269007733705,1.12858479385483,2.05982529954983,0.772075623586974,0.0104999111650659,-0.365774904906635
-0.145234380770252,0.228465028685977,0.528641827470304,0.163251482086355,-0.00589067266478659,-0.45766143211864,-1.03728981796117,-0.609222579350161,0.0109361864029374,-0.774643278856266,-0.584145324125602,-0.564125599417347,-1.25271534055343,-1.51645709894585,-0.0309445035077401,0.879189331310194,-0.816545611842056,-0.310774393696445,0.654379423167935,1.55069233491462,0.124695047180231,-0.872522764703644,-0.859518268736751,0.729732188431647,-1.05957248898821,-0.828835215821324,-0.966224984644191,-0.435662775454408,-0.6386500912218,1.58827584010468,-0.425924710538911,-0.72301037704692,-1.75038826759256,-0.761425318508296,0.520420146727811,0.80380089681402,0.143267337124724,-1.06989522002974,-0.750560577911106,-0.406913651769245,-0.440799687072695,-1.26846968688923,0.281708894571635,-0.803844284979482,-1.17169426860423,0.944729736726823,1.59394948795201,0.618667787301122,0.520252962880829,0.0145913477736515
-0.212479587317741,0.00294019608805164,0.95013824571075,-0.219607334707843,0.184208058757292,-0.61379840488315,-0.809484647726054,-1.02197370373653,-0.647791083258312,-1.24971269999569,-0.92393541387582,-0.624804793139527,-0.135135198415859,-0.88764806995063,0.453959096543497,0.669223156216662,-1.10647680984465,-0.277584132549433,0.658418179383062,0.856128198611063,-0.0996310928982295,-0.78292180257683,-0.608702801308045,0.632051831385116,-1.24604184371301,-1.08794835755934,-1.29455261935607,0.219092908773171,-0.656850516819476,1.49385515764227,-0.141698504250584,-1.30889800159133,-1.00654718595373,0.373677059949939,-0.093457784798863,0.611372434111151,0.216668585393788,-1.16021136026949,-1.15965032230484,-0.368115077849461,-0.249845873977418,-1.10751593306795,0.628284489267091,-1.13185344713832,-1.71133922656864,1.15580912735513,1.38272103981164,0.313773763678904,0.209147287393562,-0.433040489033997
-0.457412506618438,0.990255698810494,1.66540429852598,1.27534195337508,1.76398838057288,0.862901376871458,-0.912522698786953,-0.326711424010646,0.83894386545044,-0.267021716199824,0.461220893784506,0.039000469661382,-0.941407366484371,-0.995743365787233,1.21502831532735,1.86428264850635,-0.032067575542989,0.0907363540439172,2.73464084218228,2.78056199066059,0.900412917377076,-0.641163724833534,-0.369050739617463,1.74128320231986,-0.360118818035287,-0.0834901253742957,-0.323445487949626,0.903538356374289,-0.327553981718116,2.50004107170119,0.825038159640187,0.603013343624579,-1.39524514687965,-1.80360417435505,1.11603697521323,0.831967534103543,1.80090414474097,-0.159713965657438,-0.357412885939117,-0.179342758059494,0.223178648796279,-0.257232014236968,1.41916688276585,-0.43038913514322,-0.807087863148515,1.32753505913992,2.60849534346263,1.12746911222307,0.252187987798939,-0.0885312977966781
0.0258499771356035,-0.63769730932536,-0.617278125281253,-0.826074164332515,-1.47769626680864,-0.809060530477895,-0.764254628404108,-0.522594304834632,-0.0632572356749648,-0.0778046413364422,-1.38849315980084,-1.41562943897887,-0.579645511992428,-0.901582860428034,-2.55580157011595,-1.70109792154916,-0.927815851924498,-0.903187351932073,0.149121165721782,0.608002239188443,-0.634087561322837,0.192976809326787,-0.135469078127999,-1.66691578837879,-0.677144220639751,-0.455850899908237,-0.480411223560494,-2.04673666216533,-1.34847664118001,0.430368035558096,-2.24872642713906,-1.97983156959108,0.165619655345857,1.21143882540902,0.564895541655985,-1.79785203454653,-0.522728351353832,-0.63315638266423,-0.481754529580112,-1.29636240936914,0.130487470214426,-0.667663168792443,-1.51668605330976,-0.370579310641495,-1.14447654573964,0.672418162465157,0.441144147128872,0.514758972066523,-1.22428056090274,-1.40084481382733
-0.497618544178324,-1.13057201113168,-1.31133837794626,-1.79440952289508,-1.28412758369801,-0.914375400910584,-0.854141986125681,-0.329228213262641,-0.894084670417023,-0.332884623194765,-0.976527531403894,-0.662967538266788,-0.661746131955914,-0.117592227584174,-0.64159076489646,-0.0901766077313252,-1.18395055311622,-1.13517269524299,-1.57179022921526,-0.226044453948137,-1.15612426851562,-0.684090150197218,-1.31587259192199,-0.00767004582000778,-0.941912264849291,-0.721208134928312,-0.794146044166942,-1.08871599626059,-0.88229168856404,-0.361121850289111,-0.864840616095126,-1.57611787786166,-0.626321112490665,-0.893169478556812,-0.759063218838761,-1.37024382535332,-1.54432666891269,-1.05185728161325,-0.399689634383946,-1.03371170671854,0.211387850080666,-0.337939146223781,-0.471019262237982,-0.522693606858624,-0.857996718423671,0.492357495744833,-0.332791397356119,-1.02297335996435,-1.44714188737639,-1.05008612778454
-0.255004982322652,-0.921044714952979,-0.470207985174557,-0.789048424681414,-1.13420644736946,-0.359465127040931,-0.880975780276615,-0.578414766171612,-0.611464812500108,-0.445119247933578,-1.18425879010817,-0.700332557095064,-0.424634569872763,-0.722998936568732,-1.25136022716861,-0.552793270494986,-1.18992418668859,-0.869716699695052,-0.71372819532534,0.0528278057700134,-0.925575402892403,-0.392740185034735,-0.671495953385341,-0.47070392498507,-0.76582059681215,-1.03938500566227,-0.800224721743428,0.708390296002278,-0.985587459194964,-0.0638663069610765,-1.23921981233848,-2.31394038715844,-0.978796222030397,-0.0862532237256142,-0.409456909266687,-1.40858937849149,-0.921276861820254,-0.699502853237032,-0.56983295965969,-1.17456565562884,0.139708810497202,-0.589200307638629,-0.658264417937792,-0.45417795221098,-1.58285090512482,0.310565195252122,0.146447819870911,-0.544370375795563,-1.07884038504964,-1.06222903696561
-0.368488046461635,-1.17536843791596,-0.813063409974832,-1.29135279385649,-1.45502428740039,-1.01993984663695,-1.10996428988932,-0.976188525868878,-1.0123780633264,-0.814323959108659,-1.46041553260939,-1.25332537945956,-1.37504315837851,-1.68840207832535,-1.01412647834019,-1.39316638051164,-1.3940676032078,-1.15640408675633,-1.29498243516521,0.244388078772092,-1.19776152733282,-0.681328847947211,-0.957234464818326,-1.35972115948888,-1.07699261573356,-1.03662055756098,-1.17556900124531,-1.70248010311226,-1.18509689350429,0.261328142593521,-1.20238428839651,-1.67969013561394,0.732233600325042,0.367612239195042,-0.397269512297777,-1.41275403241455,-1.56759815447751,-1.12528222564153,-0.87804073798753,-1.44036781274698,-0.699005616931709,0.262135420597252,-1.6276768792993,-0.763447309978358,-0.55758723006054,0.45637924005088,-0.0386994769589368,-0.521198238666162,-1.171782574215,-1.21931335263293
-0.141649338922682,-0.835031081195071,-0.724725947792331,-1.0967279452035,-1.54422833533749,-0.664804039927103,-1.00001218583964,-0.351001688527107,-0.673052095139356,-0.573738081797586,-0.939669881526979,-1.37327760301245,-0.588781331170441,-0.609873868259542,-1.38154618320442,-1.65139041424392,-0.621481413455503,-1.11569054497388,-0.915981701993121,0.102532101739971,-0.846414759522804,-0.708614570118163,-0.500851502832621,-1.69520204190402,-0.677108917616604,-0.520810194124416,-0.728960830737302,-2.01599289204581,-1.30527704586038,0.165185533984797,-1.31631344155726,-0.144776469776229,0.864036590528658,0.741695953347557,-0.194672524852358,-1.65914386049695,-1.75780786867387,-0.712833733171105,-0.233736034477247,-1.22214333053629,-0.619978483668484,-1.55549769207122,-2.01719464414096,-0.313213168756727,0.905918182619839,0.674701043033888,-0.42507321870813,-0.0769017911965787,-0.813458464857689,-1.09289346027393
-0.75576681868657,-1.12028976442492,-0.743452163024147,-0.597373217655812,-1.30833541805215,-0.496747064083864,-0.843595945135524,-0.249849058102531,-0.518337979232192,-0.213084245799008,-0.10231125586431,-1.2369518563833,-1.24748914910761,-0.806095181497593,-1.70893205368016,0.591890759919855,-0.544414235101523,-1.11437953247195,-0.957975706090107,-0.148893057587882,-1.08928960628358,0.329301951542718,-0.792517385644208,0.42261444800194,-0.305018885552959,-0.96486432265724,-0.411911407282079,-0.0263020637417145,-1.06941190831864,0.116393619084385,-1.46598429024385,0.00324522038077959,1.37328841571936,-0.468656106812707,-0.220058702082426,-1.38819344132147,-1.07320183093792,-0.465163296440481,-0.424840864687769,-1.30442459832781,-0.100386586664011,-0.962661269423271,-0.107508283615695,-0.452726701005821,1.62518681964793,0.567787069791128,-0.0423418441421863,-0.570392565784371,-1.72730729250721,-1.0931701237127
-0.763944309493813,-1.18181766558748,-1.27526815487237,-0.893949255558365,-1.1354064959583,-0.735977531302124,-0.852432327191304,-0.238848782123691,-0.782774375621479,-0.427424511284653,-0.780322351315453,-0.615111697894903,-0.842416511406102,-0.694146494385066,-1.08259444058822,-1.76521236876825,-0.655163967274025,-0.661446089752758,-1.19161762405662,0.527839838564016,-1.16993755846054,-0.526374821911343,-1.41627299540981,-1.72616183899655,-0.696825303069221,-1.03022105910471,-0.683453333882369,-1.03438556358207,-0.946888309163602,0.196787908657498,-1.01130873468108,0.271092871233707,1.3342615174555,-1.76477440204008,-0.95957403593776,-0.838075900416948,-1.21137761429135,-0.590011562025023,-0.398913955216582,-0.94110426152018,-0.00766290830442852,-0.345367651398551,-1.58487909761131,-0.405018761781246,1.35310474204706,0.71903453283093,0.0268450942903875,-0.945661645120625,-0.628044630544867,-0.754605310696662
-0.70976342547829,-0.746218673995262,-0.207733495282715,-0.827172672666232,-1.06146220433622,-0.56056705386342,-0.993912039546664,-0.416684976708007,-0.854675208079153,-0.611726403002576,-0.878019069428408,-0.617915823249994,-0.520571749596587,-0.442716130135737,-1.04542067480277,-1.77225733990475,-0.701758708951451,-0.814516154639818,-1.02781568315328,-0.414952681064164,-0.766004454703631,0.0654863118116834,-0.952608274077821,-1.65816417904062,-0.8280571791674,-0.948776465637421,-0.928519084798242,-0.362176130857182,-0.546321956679421,-0.0203728179303933,-1.1019337482104,0.125509704824811,2.29750385073131,-0.546960317069465,-0.164489787498424,-0.827017236957477,-1.00632869821975,-0.813749402538314,-0.39207258066817,-0.828622197988829,-0.150550281334889,-0.810796298442639,-1.41474706092287,-0.292404024131157,1.73012454345329,0.965916305550005,0.229175130581537,-0.419838848143645,-0.823448859685378,-0.71857702551518
-0.719505158419348,-0.724222290535021,-0.024776201106633,-0.357807959909738,-0.43792782940123,-0.734210209269783,-0.692773404465238,-0.6033551723433,-0.44221653036275,0.927035241508186,-0.480376103711144,-0.497747588663089,-0.308186197990762,-0.483693201760176,-0.285510554663208,-0.411500120613073,-0.307720086758239,-1.14373528395014,-0.406889611728217,-0.372621994675933,-0.750163745142043,-1.72277634735186,-0.166813246097005,-0.351592771037121,-0.728871136404607,0.391470576321875,-0.136375318817769,-0.260482815935673,-0.81595932453093,0.271882578015945,-0.431494957412185,0.231903040454053,1.07992567951967,0.529649310327394,-0.18248376502067,-0.929179014957062,-0.568167620606811,-0.74105153920601,-0.656040087803621,-0.894810493751384,2.15401935596336,0.760267982759631,-0.602133708264844,-0.724054608104534,1.20333024502072,0.814533789695877,0.250863891930061,-0.0264349995657444,-1.0652676080077,-1.02727684698532
-0.631325393648848,-0.636382752900496,-0.474108776811331,-1.17703265857232,-1.1738078627422,-0.89096647037348,-0.800519878725233,-0.531091503102868,0.0783175099299093,1.2079773258702,-0.476812276907237,-0.1825125090797,-0.728752552510124,-0.159384902688844,-0.729221020299982,-0.869343409280246,-0.0492420084995744,-0.557455451308241,-0.190195345340517,0.377142150692841,-0.659424320805408,-0.465331194635377,0.431588411412462,-0.917583574675826,-0.589159000150224,1.06872624178874,0.190950045937376,0.507804979757779,-0.288484493633937,0.151796542423229,-0.79855045158029,0.661062188889762,0.916257700277254,2.49405471448445,0.567974140109844,-0.743165139547875,-1.59600171593709,-0.633076415214361,-0.481223706685897,-0.850255137982456,2.51227501861296,1.93175248850102,-0.598134827179666,-0.255928934105226,1.69817175066591,0.657825935275943,-0.516623989209184,0.411783611845854,-1.15322393227795,-0.487375816747256
0.203155154533186,-0.220009842324964,0.562749458131369,-0.0442309738766843,-0.369666852254488,-0.84410452489336,-0.846046535193092,-0.393397765477732,0.0734106522057082,1.51029266592333,-0.120751247826216,0.197144174516894,-0.830870302039218,-0.228130280026463,0.292410773993191,0.368240358349925,0.389324116041376,-0.432616854788513,-0.824554605122109,0.0123714400226424,-0.254440790794003,-0.897449682317214,0.29763195287722,0.230659572358463,-0.478630182113951,1.11912460275973,0.52684119419176,-0.707092619238916,-0.379974628039112,-0.0883649844902266,0.0480899676796087,0.471530375015565,1.27495143521308,-0.056211940762612,-0.189877255647829,-0.970598241390253,-0.956611203504605,-0.511903748227985,-0.399629020224486,-0.877843025242078,2.29925938413679,1.60867895625632,0.430519848217047,-0.323875279848072,1.19824046697828,0.735384819961292,0.080558773996867,-0.273612271351538,-0.705953556521796,-0.709242089236615
-0.55057548310376,-0.799933548647727,-0.270648987134201,-0.444354959001994,-0.649247214244129,-1.10722148271314,-1.12364247288676,-0.344727674589848,-0.26958803144105,1.29963016394867,-0.548247306667611,-0.952300253834044,-1.6356337829715,-1.22618808736524,0.140571707921411,-0.994722203043375,-0.00830385464408476,-0.924775184127645,-0.905729742786901,0.0951776520238348,-0.81676386482248,-0.289180770007661,-0.210010264562226,-1.05238654982397,-0.782092002431973,0.455143280604416,0.198399816866825,-0.762672442178569,-0.853722889588212,0.0260422530944342,-0.13036399653635,0.837367615842645,0.423406515402283,0.166385999141819,-0.0457966303954948,-0.985171876870813,-1.12622487052629,-0.75720836870676,-0.360458098463409,-1.16360396812769,2.43504059371506,1.33495488242278,-0.904488772089086,-0.291911447810554,1.2431080164783,0.480821915795956,0.260374399840472,-0.0549665488929771,-1.44088161918394,-0.870713910771564
-0.922406170552159,-0.652308327006428,-0.607771518564384,-0.715307418295284,-0.617063911476167,-0.115069134011657,-0.849082672643419,-0.377504054284752,0.0264450766232618,1.13343003885445,-0.132392975654479,-0.965477080194781,-0.337486968073643,-0.281987919652545,-0.449553822398898,0.42639675566999,-0.295635541000611,-0.828587008009231,-0.0249902425515032,0.194702332139265,-0.678160641420387,0.138923490257877,-0.190088415753218,0.330162362406336,-0.537460977785748,0.579454279834265,0.183742572118574,0.676395615803945,-1.06075823626557,0.235521856757326,-0.603125102404848,0.389997629385139,1.10018598376899,0.868288967404906,0.214058178850769,-1.0047610957494,-0.654090965986087,-0.69739314653151,-0.53958037575584,-0.935652290847832,2.06313863604033,0.0482429409217348,-0.139451197953553,-0.545844268246888,1.15837073798069,0.418466273705214,0.459535174736034,0.149809466536022,-1.45951196193747,-1.02095917531691
-1.10338353488309,-1.62968204305778,-1.31941351844317,-1.58053186252525,-1.56812269553076,-1.07726321896261,-1.17370295069097,-0.426280521313213,-1.11013983117662,0.169690465314815,-1.00083446629194,-1.06167736492805,-1.40139076292248,-0.825854309815086,-1.18703598880508,-1.06174646058885,-1.00744860468888,-1.2925729990707,-1.39809590130021,0.168461979455836,-1.6017097571041,-0.872961135650608,-1.3875554516177,-1.39517800663959,-1.08324726805722,0.20832941827141,-0.631854336127179,-1.44810290581573,-0.878954074281649,-0.00580019778156102,-1.31046878230048,-0.0900740895205861,0.678862865780188,-1.15914452325996,-0.901668798038193,-0.727880755081009,-1.63276086944495,-0.99386273309616,-0.420729912907963,-1.11848755461349,0.580055078105331,-0.152751614344116,-1.30841999357342,-0.257122650043409,1.33220192140175,0.604966199297168,-0.0626719474777447,-0.804784681125468,-1.91421487149589,-0.669728487825221
-0.80013280344606,-0.729555350897393,-0.446658652727955,-0.255746644698277,-0.522654173308662,-0.408022499024206,-0.727163811194419,-0.514292978940442,-0.638509774509156,-0.016036089449687,-0.483570214831962,-0.332562408252912,-0.894635098742982,-0.787793671816115,-0.0676609108743724,-0.492219301434222,-0.50416451790919,-0.749261424794441,-0.00867571079750383,0.492625457008958,-0.75512580200347,-1.21918785403877,-1.09925001594359,-0.430672375407017,-0.713113980576731,0.279692101462527,-0.480083018844836,-0.41330388842357,-0.377212237395216,0.322534834570533,-0.319359231143806,0.40154611525619,0.711157155158025,-1.34606355440761,-0.552945866604051,-0.275310758954328,-0.634975137269615,-0.790623817908478,-0.620133497378676,-0.65407893769444,0.94679897362612,-1.12111665215005,-0.61094857199565,-0.56893939146699,1.30674915709438,0.550251495093557,0.391755322162466,-0.601530183666486,-0.262466814203802,-0.554900283798051
-0.749295029485612,-0.710320351960552,-0.184018079275256,-0.511888876038075,-0.53341166964984,-0.415671550329271,-0.731537298796473,-0.494170199332442,0.071552172552079,1.24567914227634,-0.708318288068887,-0.65623600985383,-0.759632693650782,-1.12831191446391,0.0634438410545422,-0.938185236910172,-0.327313145842001,-0.660824426360626,0.0211341256279415,0.363401035601049,-0.744118430394684,-0.930864753427455,-0.105843170634079,-0.999849157284001,-0.856715298191148,0.93172906958073,0.1936443051603,-0.79776953709861,-0.69873191057873,0.161547027950144,-0.284826600860948,0.269240900317799,1.0579872543835,0.860744369057994,-0.12600701656246,-0.541321522217756,-0.770029591616495,-0.874090263415298,-0.571464978628095,-0.786402250755065,2.11412497794772,1.59324366561952,-0.720748535697022,-0.682471901183413,1.13839237645804,0.539113894387403,0.308119374374581,0.0513826351470757,-0.786519049346,-0.757985659756027
-0.706665318202072,-1.14476927623466,-0.277962301749577,-0.942409588134846,-1.56526248481999,-0.609895319637782,-0.744194083431785,-0.618600169571646,-0.975329685304201,-0.710835621132669,-1.30475596733318,-1.21477439283038,0.432219570668325,-0.337106030860925,-2.14387604868877,-2.57191291425519,-0.906210192401653,-1.18550481097011,-0.578102431281953,-0.0782462523784062,-1.15682326734036,-0.306840985084345,-0.624644535934768,-2.5078719682324,-0.79721265346721,-1.67465071434409,-0.829180291814367,-0.216769634046066,-1.2743578757168,-0.0539824105705704,-1.90446646183202,-0.407046533634581,2.06199718447853,0.741359792038114,-0.183090179795987,-2.07295868574552,-0.825659690676858,-0.826368958299488,-0.448792413231575,-1.27387845231379,-0.498928365447636,-0.775651302396913,-1.9889372208256,-0.536758190109507,1.4774672790141,0.223706778382751,0.295010620765245,-0.0983447210134132,-1.52498658078633,-1.56562117879032
-0.812164937273493,-0.505712452662113,-1.32000565830187,-0.960480089328973,-1.1351767955462,0.323606449711604,-0.903126018420609,0.236874539558129,0.0414913271380725,-1.5192400811004,0.0909180926604165,-0.707430216969675,-1.20123116990886,-0.783775777580451,-2.23210384253931,-0.417300332685128,-0.602289507916459,-0.656479622837348,0.0533843337978368,0.477815661553807,-0.45953443869389,0.159056948518592,-1.16262957527479,-0.425874531146427,0.00792691896872003,-2.2563760642929,-0.949162129517455,0.0778322933081683,-0.681572817510876,0.562507172147461,-1.69552675201529,0.62095336080944,1.35882047911584,-0.949537322402544,0.8055713468113,-1.80045553948856,-0.36744986694396,0.0435909313214326,0.275806660350689,-1.17029402623333,-2.25546467066931,-1.03636748775284,-0.633991007403664,0.294001264069331,1.62055035558039,0.710817396165995,0.537559812727045,0.342629285738366,-0.917013268262292,-0.573733979009855
-0.79993764239883,-1.29679805890834,-1.08938371509632,-1.18153757876836,-1.25050356112308,-1.2038393331965,-1.12460402324092,-0.763778208004237,-1.29536487889612,-2.24081663205642,-0.791316197718052,-1.41959894045436,-0.78028811066839,-0.385881374845219,-1.53714204434846,-1.05799922967447,-1.28559687892548,-1.81263115391169,-0.840066776741328,0.39245458940507,-1.28653384558705,-1.73115158672892,-1.83814225910833,-0.882038052562379,-0.95251855756877,-2.37644210971918,-1.78013537173231,-0.817899495626835,-1.36388501241759,-0.0743103507209009,-1.51992283138771,-0.0114894318899533,1.53632769166322,-1.08398631444715,-0.878656662088902,-2.10352601468283,-0.86857125861842,-0.973925722717172,-0.695435739114583,-1.63259314896048,-2.37302346190653,-1.2825879577178,-1.19894331105036,-0.565729565049828,1.32328869133525,0.662258768388417,0.5259592580479,-0.65736551908021,-1.62898392335002,-1.43624551607771
