V14,V32,V16,V31,V6,V48,V38,V17,V36,V30,V24,V8,V34,V41,V39,V2,V33,V1,V19,V20,V37,V4,V7,V23,V13,V0,V45,V29,V42,V18,V9,V3,V43,V12,V25,V26,V27,V35,V46,V11,V10,V5,V49,V40,V15,V21,V22,V28,V44,V47
-0.369767882172041,1.09241653392992,-0.368630723609383,0.171905869092147,-1.09878872437863,0.046763219748381,-0.351955034311309,-0.0367399710929589,-0.170827469002906,-0.53883698372856,0.0743418759513553,-0.0426394537064919,-0.146531589300628,-0.362691827434775,-0.758274116552834,-0.184588085154796,0.426307841220718,-0.407923490284951,-0.0732330124692437,-0.210521177391226,-0.210330337812214,0.704087387339023,-0.852524692892526,0.203167184167726,-0.148054233099534,0.157443902869796,0.17919605509084,-0.11069272847198,1.16850871748176,-0.0644336864133879,1.57053952168896,-0.420057776583236,-0.656799513452182,-0.465533804537844,-0.257755233089373,0.347631231593714,0.0877438540584062,2.05226563415544,-0.347282728410151,0.153529564023942,-0.702694987252522,0.816895937696415,-0.275545639045364,-0.297341821200292,0.436904499301946,-0.173881452626819,0.153506176388932,1.14913068173358,0.0768485742038771,0.151474831268889
-1.19924024326939,1.16911202787654,-0.152032537311152,-0.841304574633996,-0.950568169620343,-0.514078652144875,-0.464336430287066,0.232787795089174,-0.429225479037635,-1.01842731066969,-0.631532834488043,-0.72564682369361,-1.00124834374338,-0.747290854342112,-1.39532812896576,-0.33853989335913,-0.687845865617856,-0.908002492021069,-0.744033391181984,-0.566208745911218,-0.546258323996582,0.889813651718914,-0.880513010150608,-0.235364685435079,-0.780231132555487,-0.299025890157465,-0.708398286418938,-0.767083759563454,-0.415066812125308,-0.895152093448241,-1.04358789221688,-0.669378928197725,-0.685462408133565,-0.526467292379945,-0.376455415403685,-0.567659223659562,-0.428674752944106,1.57700002180196,-0.444696001466775,-0.842337675615843,-0.68269544289708,1.22048979385412,-0.673577044964737,-0.893806106907778,-1.09536112586308,-0.666160804183642,-0.842878195666259,-1.07135885958822,-0.995225167817436,-0.331994075364516
0.651942246088545,1.0794540076851,-0.543892540341232,0.31066007925754,-0.231910956048187,0.497075795190231,0.0688436376930552,1.03085310155009,0.0287106837768303,0.875235381419668,0.184213198004581,0.563366458470205,0.206138906010297,0.886167053432989,0.544267831773962,1.06229538131806,0.117936836640366,0.204159741131621,0.28396626504034,0.892345631335945,1.57883358161813,0.655273779268584,0.0377479128142849,0.822249833541423,0.622871647347959,0.803939660797554,0.267964228787279,0.42751054696945,-0.425497991293087,0.273401903317976,-0.322903608347161,0.297454911093605,0.104622942568222,0.435826215759008,0.932633848729557,0.441167919612383,1.43502898752787,1.41395254620223,0.798969218278701,-0.00682028287694918,0.273024890817497,1.31333999625714,-0.02185728000526,0.469786211231119,0.327286831701958,0.697130088907808,-0.00702807554866603,0.834459962138287,0.578232271375664,0.717262163496598
0.148417012955886,1.25063616662027,0.443722665806543,-0.253065717522668,-0.989141300710417,-0.297456910125673,-0.612025574905732,0.0682752638704582,-0.08187793903291,-0.453541839102966,-0.13777846190795,-0.359051143445927,-0.339667879751385,-0.153321457523712,-0.0762249160145967,-0.323262141107685,-0.264044607246746,-0.310053300447707,-0.104135870970073,-0.472927158088976,-0.565352558964624,0.530076087044855,-1.01578554314002,-0.875101049109599,-0.378347382880389,-0.126391588511291,-0.178350139846061,-0.337536188840555,0.472317258231146,-0.114326456691563,0.521307799046039,-0.739983731239013,-0.438704146102921,-0.392342574749414,-0.129127733685598,-0.157795164483053,0.452222813779412,1.54557929653172,-0.273248273797209,-0.622755532516869,-0.722049790488164,1.27999232348809,-0.560699396216617,-0.44236840442358,-0.29483709892964,-0.27694455159341,-0.622665890839303,-0.0526112480017553,-0.0777722519415366,-0.0580695560739282
-0.121546932661855,1.54296386292327,-0.17026267604002,0.509025824054482,-0.820040082627925,0.309584619825721,0.383049209817312,1.13357622795883,0.13990995381232,-0.21096574549544,0.203561317725777,-0.0959198202531835,0.335612314327527,-0.226047613717786,-0.222721612510816,0.264454659676883,0.771095280261818,0.0163110190823074,-0.0331000030699947,0.0846588517326964,-0.16805770528827,1.24238237770201,-0.255195545638493,-0.196760905526683,0.363669628521759,0.79194457074237,0.69686835159625,0.515990352461208,1.22662430533024,0.395697383197053,1.9638512321679,-0.0292514743695529,0.176407955273035,0.2001314390589,0.212513958141409,0.880741972077276,-0.212180665200186,1.6434941465694,0.154055213714806,0.340798115683707,-0.0348285698243477,0.867683389362253,0.0411703572399427,0.0474586079594416,0.825726382173017,0.0730171422224428,0.341285723366767,2.06185080528451,0.668069785651565,0.817967565359644
-1.05693206100226,1.00578095638826,0.0515448834221145,-0.511264981218295,-0.0534192412971143,-0.414481482482836,-0.142372438526184,0.139872671976794,-0.630093067308924,-0.750490182504557,-0.32907241720015,-1.15024090672809,-0.439854441243299,-0.31870923086011,-0.594762214557474,-0.18223819696287,-0.329298378948331,-0.75812121766926,-0.921721790585896,-0.13684143437489,-0.0883689073374273,0.458558223011896,-0.165381226914131,-1.61635055310608,-0.528432027565683,0.0308764125641005,-0.0378551451752699,-0.500177193483951,0.625988597665288,-0.0784280906737692,0.679597393340609,-0.444970260922744,-0.758184721503233,-0.852365601103546,-0.489430726812872,-0.360445657505179,0.790877153240469,0.961543879032191,-0.255785046284928,-0.151525915382531,-0.495851185651432,1.30957848774902,-0.326977716842976,-0.438317383568943,-0.230494943453814,-0.707395784157187,-0.151461197416031,0.189258955463928,-0.552201938483837,-0.0745327550748191
-1.30318928174367,1.57981933875682,-0.0095845714081804,-0.96886001816862,-1.31867495755856,-0.884719084651965,-0.939384536799705,-0.447427661025712,-1.3781545309362,-0.836545516522096,-1.00862348005478,-0.947296473293803,-1.23613189292739,-0.57936424307491,-1.03507843405023,-0.777099015444645,-1.30622683873847,-1.08636708900735,-0.816766998895386,-0.924498705196408,-1.25787179528518,0.553846884070409,-1.5283118731184,-0.209687622122535,-1.01412604994228,-0.394998657348341,-0.978940750936433,-1.03553267949972,0.157076146086295,-0.806306022122239,-0.171562902656332,-1.15888114904023,-1.18939817989736,-1.1444072635204,-0.733002895713782,-1.02630232950191,1.26749483006038,1.41533428787876,-0.703470345723519,-0.977227103662439,-1.1679235466852,1.34657317515467,-1.155411821591,-1.10368066146246,-1.24779754642408,-0.805943516932862,-0.977042213772648,-0.801660588278005,-1.4446906872355,-0.53087017431611
-1.15149437414829,0.665093830904105,-0.337672275446899,-0.806029354641153,0.0368538189327704,-0.210502392389961,0.178261831461543,0.0916948547823725,-0.355261853133357,-1.92332571805918,-0.574827406378284,-0.817512976736939,-0.930021032487616,-0.718325300287994,-0.900104592211037,-0.515430705023276,-0.762077876343557,-1.00366475675494,-0.964249182557532,-0.673808618703073,-0.584609847704739,0.473069660647975,0.239741423799865,-0.619761868248088,-0.86557058340296,-0.10305007890529,-0.897668623037653,-0.50071819518834,-0.887726875485496,-0.626412632067498,-1.10576460898134,-0.384505065479379,-1.05440104087294,-0.960376886143344,-0.773647665987755,-0.956768921230469,0.179805436428103,1.67269360102398,-0.443243096719063,0.0796157747509003,-0.283720664843206,0.755381131664367,-0.212890760286351,-0.692018359931813,-1.15031134138665,-0.788023858827095,0.0797451252184751,-1.97172161294782,-1.31227771509923,-0.303068924395243
-0.738332108097264,0.555550570221679,-0.492165087746059,-0.197211583520382,0.546771574863669,0.192533908429459,-0.258498798170772,0.507744097292779,-0.0222909137869568,0.816789668009393,-0.309017524492198,-0.0229544719485424,-0.388043823247317,0.274172995560223,-1.01861021346265,0.58297592895887,-0.282515128141534,-0.0110441734319407,-0.497934999149312,0.521792797454403,0.751078688346715,0.634903835093261,-0.0437326276058695,-0.154155371007248,0.110050684610247,0.378017368405777,-0.425819697443481,-0.0444828909874481,-1.48907377104378,-0.506310306728556,-0.881475683894227,0.197831903238611,0.188450049167546,0.541020762521078,0.760892748452088,-0.450826248165848,0.673543854464344,1.18798499870396,0.678970297295297,-0.523500620079807,0.399967286175723,0.892103795628785,-0.131485624811002,-0.0878810064325288,-0.588539327529063,0.0498725721937427,-0.522863974712901,-1.31233785688424,-0.792408031066787,0.137111104026018
-0.951931519401113,1.20291124551549,0.214208385714714,-0.447033073183853,-0.870108999776446,-0.87705252178654,-0.929516131528449,-1.12440762083676,-0.715531452678741,-1.05347260559974,-0.361866779606482,-0.975747909404887,-0.391288737875937,-0.451231875176404,0.0305551049654885,-1.47330436985858,-0.262053169192149,-0.652825999479508,-0.660513103723611,-1.2443065165134,-1.74394302494959,1.70534330888279,-0.803013834432644,-1.37792211680585,-0.861201114564304,-0.276574658859014,-0.554524659401541,-0.878049360653476,0.804797907724364,0.051241029039178,1.2634275871478,-0.84953003859157,-0.922408738395033,-1.05228319750052,-1.39727942641911,-0.399540749351458,1.18447631921078,-0.891317517874311,-1.19891909309402,-0.611457268901833,-0.725208842072392,0.583074127687895,-0.590759834542273,-0.58382724324039,0.0231081614653107,-0.899127235744046,-0.612291603718134,0.930168179322467,-0.221672759822386,-0.294196455858003
0.578757925520868,1.46978947747652,-0.577256372525074,0.00672817537952112,0.613168548989282,0.284198283922579,-0.128971732570657,0.778508303137509,0.0213700847416688,1.80726749510687,-0.18776579787884,0.215042035496776,0.110057467915807,0.816018209373179,0.320670020905303,1.09525376834241,-0.281558925314232,0.424561359926007,-0.0403340790468927,1.05737044284383,1.100941107984,2.0316903807966,0.59689229256579,-0.506085167941431,0.769164592819493,1.14514792329408,-0.0830317828222169,0.00859533457485208,-1.67273484068781,-0.373515669175927,-1.5721751888592,0.384847519828638,0.372005942083544,0.896643563924839,0.904662182437028,0.133823593363188,0.540630023338601,-0.250503996889454,0.972798559416283,-0.345379399331357,0.647509372945468,0.776741797852279,0.0753948875093432,0.556016145035216,-0.173169525475106,0.538387038958,-0.34444712581837,-0.683313856303245,-0.0302643030608307,0.87285863312237
0.201165117595683,1.04869439744567,0.0645514185203454,-0.0186109438959872,0.300534524913534,-0.351114921029188,-0.141080036470514,-0.284398809913666,-0.134221586221182,-0.615224787411926,-0.211598590460295,-0.247797934419952,-0.0459094531150568,0.186603485870011,0.123483635490042,-0.399750120511731,-0.084015464606151,-0.264470375604151,-0.110753534340951,-0.29811384059049,0.111817144405374,1.83571563522356,0.337683399385907,-0.669403255457797,-0.188655606427263,0.255174360985891,0.129118652996957,-0.383338073349785,0.0728288548539472,0.0643302553455783,0.307719698399497,0.169182885240403,-0.264916982133481,-0.29474540800302,-0.244176598422743,-0.101664940662344,0.411986987703035,-0.782670917699445,-0.309856534298745,0.0140005169132141,-0.37815936447796,0.739411107372565,-0.257025913684019,-0.102941269571293,0.128456766052168,-0.274299940353758,0.0147025015427459,0.410011052746719,0.193336912744089,0.331054685665853
-1.87254752521507,1.86425825363597,-0.386426616965635,-1.87619206303623,-1.40095871149788,-2.24251868103527,-1.87898678678161,-2.58798054511754,-1.87756130524104,-2.01239005816954,-1.77852967119662,-1.71423581002664,-1.8109761971072,-1.6560481298534,-1.57909733972997,-2.69284651348444,-1.78335909778941,-1.9015459571912,-1.68496983152084,-2.58770053386838,-2.67245033936324,1.32689812711468,-1.65999383748681,-1.87128605198143,-2.10949728407688,-1.17535784508111,-1.93339246478166,-2.12990123919108,-0.269722348060601,-1.42025906735053,-0.20398258492703,-1.90266553205326,-1.48447688796479,-1.32928284431896,-2.1234255147275,-2.16739768017253,0.571931432094806,-1.72432659991882,-2.39155160434248,-1.67633930766179,-1.95812633629115,1.0567535437912,-1.82367577648119,-2.16555683137262,-1.86666351120502,-1.80042497935898,-1.67609333175583,-1.11901349214458,-1.93053451576391,-1.44041763053303
-0.813559931950232,1.36047614045261,-0.41341908594851,-1.18736312850639,-0.679420687795392,-1.33671515343431,-1.01255832256755,-1.90914065373255,-0.73917657202049,-0.863991951710651,-0.636697078919709,-0.70358069012827,-1.0385504095806,-0.858943859066229,-1.13264561219711,-1.65699317568768,-0.454125415528335,-1.62761687097776,-0.649721721127798,-1.32516651665662,-1.30339300827646,1.86146044428163,-0.755572515894056,0.561385948838712,-1.21586200438795,-0.602350669654215,-0.889694096042079,-1.17884599207082,-0.367667616838242,-0.740587909534717,-0.364430156663156,-1.10282035777534,-1.32176618297462,-1.45904237480892,-1.22931484779449,-0.908588959108485,0.12298094482262,-1.8321048981653,-1.48285576157047,-0.889720018614562,-1.49260515432936,0.752592731517523,-1.07093675655236,-1.23971312322475,-1.02476148224864,-1.16609426981642,-0.889929053553601,0.0404853392324555,-0.63508477639816,-0.723530599663027
-0.122312343666688,1.00266923367275,-0.249707290819621,-0.502519322946983,-0.0820863291783304,-0.919971549615762,-0.55250283941167,-1.87164298088618,-0.0450449496093649,-1.58813878222244,-0.0557074588302244,-0.714034852692961,-0.323025954987953,-0.298752176671817,0.0846790209684994,-1.34864877634002,-0.0479918475981613,-0.641339684242562,-0.616056264114521,-1.2936757621497,-0.975002668543685,1.87248776649646,-0.0210226456618532,-0.550578521225861,-0.813245968165508,-0.230698965204512,-0.838915957430272,-0.697794683515291,-0.862497602859782,-0.172089055568713,-0.254871882486457,-0.470121016436398,-0.762843108058445,-0.842881614411978,-0.971120000954666,-0.470771578210773,0.898412733968923,-1.48430445834787,-1.13458328932187,-0.158601691875842,-0.775724550930533,0.39560969270756,-0.422977506667051,-0.568517338814276,-0.973962955275273,-0.833082768462103,-0.158544199474662,0.0120503997863717,0.00392511150426596,-0.233569711094795
-1.10835339893056,1.09902130127683,-0.386892796471526,-1.13946725792326,-0.961361575985222,-0.993273916090025,-0.976725709080688,-0.870821500659403,-1.29710240316433,-0.463789958222448,-1.14929782731693,-0.557706648186914,-1.09208794447607,-0.157780203948601,-1.47743481419625,-1.16200952998638,-0.947258527451099,-0.579038798153795,-0.851958688623605,-0.903991990606808,-1.22675963996083,1.57822524807507,-0.715870040841446,-0.453421640640981,-0.934076415620927,-0.539403291284586,-1.20465051952287,-0.865071261694388,-1.12546391546467,-1.02657259556089,-1.62315761187226,-1.03326794520274,-0.275765442721574,-0.426827319786916,-0.980040408351795,-1.19613517287388,1.46390018911825,-0.848571206037538,-1.01785257748718,-1.1893471149823,-0.865674628633771,0.576266737689817,-0.965397750688299,-1.13861428781315,-1.16984874001757,-0.610049655994919,-1.18916256266695,-0.421831632664766,-1.20673031084264,-0.677531173625076
0.263269123550904,1.61961520038707,-0.405918267149795,-0.359009254339767,-0.566002713307345,-0.757505358245203,-0.396967089651497,-0.33974393626917,-0.669450238884734,-0.0892671860334706,-0.495996794882934,-0.559851921232557,-0.439272245848945,-0.0372490267061737,0.12792016454251,-0.551771623461801,-0.700771588190043,-0.458951684905129,-0.374676894676692,-0.644280688981996,-0.447574122210211,1.67786858879047,-0.377958772338547,-0.882498114088975,-0.34343226177509,0.188000311559063,-0.373375032236569,-0.610180465073219,0.0598100110000497,-0.663214089305928,0.425508588826108,-0.369834368111389,-0.366815901588426,-0.410482625472721,-0.015043175345617,-0.581879893526184,1.4701463739075,-0.890887236878965,-0.631613121931937,-0.795907733322224,-0.45601976233367,1.44027496061006,-0.755470049665767,-0.433396166618558,-0.0889269413841756,-0.338482613566714,-0.795819058477177,-0.331468135765664,-0.271172484081969,0.218824158532213
1.14022380327998,-0.168369704265634,-0.0333599638153264,0.704891332239606,0.20810542997708,0.174640681180681,0.195526108136803,-0.64332203382116,0.569466639413059,1.10566811581949,0.648444764095593,0.422032937681077,0.709453747049166,1.65239818527809,1.37961208566634,0.285267076504513,0.320869509465691,0.896175410754123,0.682839695612705,0.646098698121675,0.486280566768999,1.42351925319463,0.163198619508916,1.01139154746591,0.639934113999392,0.466057297145662,0.875554703869944,0.394757039048519,1.00946015128235,0.458792766410517,0.728374231853682,0.537331112276656,0.299224809175782,-0.0110165363069249,0.708798379483632,0.245913641357715,2.22710840557099,-1.21325635310725,0.353794488049697,0.599899699318357,0.121584812149496,-0.219755411604729,0.31865126632942,0.804178505127381,0.998383974611142,0.755563711415203,0.599140828402757,0.316203154302356,0.848009480023362,0.480226529520389
-0.288999618917831,-0.599573617611255,0.0403661003828143,1.07560643646526,1.16791916777807,0.670851978777116,0.808554248974942,-0.0263667352270581,1.06697340217883,1.24372703441544,1.23572816474811,0.287821000728335,0.952207562486794,1.20709507994195,0.356606680360829,0.854204527429141,1.31895812335318,0.0524581399957668,0.17924745937885,1.18403797854668,1.39108086721467,-0.179654276087119,0.829879794574023,-0.238793134221096,0.986663112409989,0.834853636601938,1.34193242891354,0.597569342323639,1.85508761103071,1.25114840266619,1.84619813347637,1.02420032772505,0.73107026010073,0.98914131563095,0.391124791232877,1.26089260107739,1.05012633593104,-0.266106888228698,1.10845274728503,1.41746722649018,0.503213827362023,0.00209393576386726,0.859964834767257,0.824374886290336,0.95216224397668,0.88304918058321,1.41725568108406,2.51064244746526,1.30906579149509,0.68799855558927
1.32424173042219,0.329242890103227,0.0909325141906591,0.171730758973329,-0.57417930196966,0.129967455906872,-0.112260899825938,-0.381774935793814,0.202578371360417,0.656730247872399,0.129819096354175,0.496777466094731,0.305032416762573,-0.184411486794651,0.298946446262985,0.14346584673193,-0.303217071529742,0.794900323306165,0.410375446625368,0.204074718859139,0.410518867037487,-1.42458142109408,0.0310088642170059,0.16991408681471,0.289607784677698,0.453080624269419,-0.0869758748722945,0.134504096355026,-0.761349983211489,-0.0122559877772832,-1.15075305834955,0.226677993407623,1.18745429315401,0.212113899397333,0.965834832384397,-0.315487109902801,-1.37694151843172,-1.55411146287949,0.128164261231349,-0.0873916954763233,0.567358157773896,1.77176134917848,0.323255121813369,0.253390312686235,0.105105277785963,0.0501688444640301,-0.0877599511449305,-1.48550343617998,-0.0846201857170017,0.290158922255521
0.439690552396349,-0.0540346584757452,-0.586575897769115,0.487420020461056,1.60385465148135,0.506470291671865,0.784526794150801,-0.0868951271911896,1.33622929963761,0.0617024910934409,0.650924359814521,0.723906101301607,0.936600965876366,0.425082639037204,0.759414262088989,-0.0090179276430998,0.722103744045416,0.959573641536271,0.427209591978156,-0.0261058961566215,-0.041195734566862,-1.45718888578732,1.31603798856846,0.9284182207107,0.595922827514479,0.825165059722852,0.21051326619187,0.831083029782847,-0.873691236026565,0.0167612917405492,-0.867225401370951,0.913404136170338,1.47856713850252,0.697132999484325,-0.138638553314349,0.6206861387383,-1.11353080182815,-2.16817006128405,-0.0466137232645406,0.869353862491996,0.990535286840619,0.564871214773135,0.904169650799755,0.468218198808317,0.502610599692266,0.202415266917645,0.870126926015091,-0.386960992768102,0.599612966156271,0.823039361982834
1.34486973881987,0.348982246347296,1.16224598912997,1.37966183502717,0.811998555621578,0.912489646593634,1.40349735139896,0.311251075710337,1.46518623078067,2.25186110308108,1.44753251316982,1.14883087225574,1.55216097593525,1.40107431397533,1.89796212450345,1.11211435467126,1.07168326460853,0.757729715338011,1.33213402578809,1.20895943971569,1.24076545589573,-0.36690089725636,0.95862445742321,0.372135737873955,1.52301339224869,1.72719005664171,1.14764977984221,1.32062196263948,0.827707389439032,1.31830063456487,0.670287047267103,1.51479769718745,0.848047184901635,1.41683466571596,1.55331089223168,1.19230817388382,-0.0607114869925968,-1.81490999513503,1.38973220785683,1.42710981175734,1.11253130973716,0.545650695789615,1.39819931366962,1.52451755154718,1.34712949021914,1.40259180490883,1.42588137993753,0.455045274191746,1.39474920094252,1.56603909252315
0.465428474227945,0.165997527994803,1.51323340383048,1.21412630822711,0.719089427808797,1.05512096008115,1.4441742262291,0.78080992588583,1.33969037226615,0.839232749350204,1.63965447888193,1.03943535396635,1.54477690022806,0.695088550300524,1.13942789245909,0.58270263949161,1.62171905634533,0.888839109948729,1.0860980715853,0.936395076491281,0.728590449140663,-0.87014343086155,0.945319456662176,0.635299111687828,1.12214243887016,1.35638195264964,1.33231017062963,1.01270947932782,1.27242699306028,1.75578094480655,0.777610409936506,0.945546420387496,1.2668698560493,1.05699622185335,0.769031073983146,1.42468923769465,-0.461540164174307,-0.9259371677175,0.992430211662549,1.34344011186312,1.22999655757553,0.517490119808637,1.40156251425427,1.30709263193198,0.786441275405747,1.08843494016617,1.34341843472022,1.65581708207549,1.37889599247682,1.28286345273784
1.41503309469787,0.315813305529228,1.1565708831245,1.2696647895516,0.837518224657348,0.891190279277257,1.0287178191594,0.413334945979421,1.14882352268661,-0.0280417412278429,1.05191950324331,1.26010242301017,1.38739520159679,1.49957356998583,1.57961235428336,0.332997385681436,1.15104066840598,1.23613115441261,1.42954859365869,0.305008626839443,0.289838765655933,-1.27007566299313,0.731398625304612,0.684327861243847,0.940843013542786,0.921869569239223,1.04661030164555,1.03992748099492,1.53835392848592,1.15692408388545,1.25588407705125,0.877157856819665,1.06891843012376,1.28880768549137,0.709327905800091,0.924252041782395,1.54317937536729,-0.406292489310976,0.470380629773774,0.865248865155748,0.856682069518812,0.960423935053832,0.903076032452468,1.11282621626736,1.91760322432232,1.34648935325527,0.866563699569334,0.827230123199231,1.41016093016209,1.26922682790094
0.620896632752175,-0.843938811830555,1.3555706981484,1.06182462841106,0.77263822001766,1.10986912087205,1.08150534988237,1.54866572872212,0.675748818217672,0.0476020269754549,1.02753634337265,0.93667609309694,1.25564083256474,0.318805103959726,1.49200774360385,0.52702988699655,1.63958984030857,1.04379264735058,1.03293694954671,0.77136825301397,0.197696377746249,-0.946046704717543,0.982943158403873,0.523735808735075,0.85273771972959,0.553846576631023,0.985185096896563,1.37612120738722,0.404906801807204,1.34541317349804,0.101603986063273,0.8043474684115,1.05498752998414,0.996839662560517,0.82163406396309,1.16640630073177,-0.0726198004011007,0.107361348068251,0.737420565395142,0.980750712700954,1.05802386213946,-0.261062925497562,1.17748103733065,1.17766823208354,0.673163420552078,0.928155074786036,0.97957158134355,0.372039314085586,0.810016685986257,0.863583456941134
1.99727251915854,-0.394035765161009,1.09831198144875,1.75220818160212,2.00784009940872,1.74749711224661,1.98849221595968,1.50468794099548,2.0759244183205,1.06457932136029,1.94714422701045,1.61041320529307,1.87083784183533,1.50586308889582,2.21289329126417,1.71686178937592,1.40468588979618,1.41511356746158,1.8544551117227,1.8066385765427,1.37757771105846,-0.854252790404626,1.85885635376345,0.798506218263266,1.79934391846944,1.68823009810272,1.8594866295446,1.87752102260132,1.05879237763921,1.50664752525538,0.430004363666345,2.05465926772628,1.29362557301636,1.89767250702298,2.06960051817898,1.42856191922326,0.0565339889828698,-0.116981887036086,1.80754915702693,1.88826369340186,1.62539255545386,0.154119643592709,1.73276024866457,1.90559074943099,1.85385342611403,1.74787254720415,1.88879401467982,0.0790443107603682,1.74850292287323,1.90740017315341
2.03059197947894,-0.416227400574288,1.4896537551982,1.33874332421976,1.21204755497279,1.39376308865493,1.47586403412014,1.78995544769855,0.823203571714462,0.115880371274693,0.974009222961909,1.18343637971521,1.17296751810254,0.539362131527762,1.03182888869089,0.92665928998113,1.29294179278795,2.13116054079346,1.53911149622279,0.9607845070353,0.881662052110561,-1.35873106009026,0.892392463319233,0.244079371203099,1.15984618834562,0.840415916566616,1.11030899739116,1.48221947214515,0.175814408768353,1.26871903073362,0.422851461852403,1.18112773012398,1.39845671753388,1.26143039502071,1.15198868105245,1.22954523313373,-1.81116802630028,0.808347371810699,0.981094867848347,0.738682931045714,1.41276453687977,-0.114923116543987,1.18380380978626,1.23116627046978,1.31829388126702,1.18332408259177,0.7391315312671,0.511010775339315,1.3432383688749,1.18242850090898
0.316930427438589,-0.0799348478599632,1.224071786492,1.29581150368736,0.325239340795727,1.21951611570578,0.745682145786369,0.886524377372242,0.65943430515872,2.24698248613319,1.02293862336847,1.37258025920464,1.23186795366401,0.908178013034961,0.640631796391434,1.54657907263957,1.31598466740583,0.886950797838704,1.30523875279179,1.32438881425416,0.971435332185041,-0.996378861520365,0.426336137303967,1.34089650121031,1.46675994078179,1.29031402946701,1.67624974827552,1.03092815806289,2.11052239475635,1.04049904156627,1.63615866784383,1.0347456679941,1.14216647367786,1.39675786667641,1.31993688447032,1.33210262392059,-0.364432384889459,-0.0581176672627088,1.52923564631042,0.95628661179401,1.18400211646591,0.924757836742959,1.14204647653733,1.17798323831497,1.40219162786308,1.23269379827039,0.955641007666193,0.883419551577391,0.690362217077073,1.11620104526144
1.4315743034166,-0.853793431089679,1.36722968275287,1.25791312246599,1.28797541413987,1.329459341999,1.35521735061709,1.09855613364778,1.18837917894037,1.10251272042218,1.19525811611019,1.65515087066842,0.909928735258876,1.60895476050705,0.335588317513367,1.39977889569345,0.764726625272435,1.71572810373351,1.6216305799268,1.42782220527931,1.3421135464322,-0.978028917739341,1.41941583174845,1.28912470322994,1.34050136800137,0.867953453995482,1.27779436894963,1.36522755071943,-0.107010568113118,1.13517791808736,0.250318015156472,1.12466068337743,1.52513654088916,1.4654317597837,1.29742859013739,1.25766611428731,0.221327079415082,-0.464064654379296,1.25140445769263,1.14531356751712,1.25281194903048,-0.967168851044638,1.23536493834412,1.03902263123045,1.16289076176438,1.61172887604798,1.14496314310808,0.309352549018374,0.997978183780437,0.713616248620989
0.0448199933489578,-0.813408636275419,1.32741426438762,1.07362603601739,0.71087507610233,1.28359082182239,0.865659611056775,1.10181652177874,1.30203657800998,1.60859508525124,1.38000086886877,1.01707050071353,0.943127439807372,1.24811005591506,0.110528802908316,1.64627181912641,0.557190304268472,0.955316095070564,0.978087571987541,1.69837268329435,1.44907034664418,-0.775011644560601,1.29314781439758,1.03934299117109,1.24479338831413,1.0117782007189,1.23705833327084,1.02707748028154,0.0594326494435342,1.03150332822339,-0.115319320053177,1.12306629932101,1.35646577573537,1.05535543324299,0.980105884613529,0.881886913091248,0.644371245338612,0.0654178026261859,1.66071104919,1.14363094044171,1.30963830104334,-1.13033843191432,1.35867427511172,1.103465790305,0.812690827652972,1.24202776531538,1.1436293900979,-0.5961829173532,0.396199474150849,0.832742134997296
0.20949936381717,-1.06017436480905,1.23894179347738,1.35113725421433,1.24360071688528,1.62913698095496,1.76972268048372,1.71320798376952,1.50063274608402,-0.929482853067754,1.22980428178035,1.27224533225323,1.13978259010043,0.452984521896028,0.513182230190773,0.987425824425116,1.47824258611039,1.17999081020984,1.27068399967466,0.625435043849187,0.842857263791071,-0.470438310222003,1.78930538656258,1.36207290846912,0.896838845817795,0.874896434689046,1.23645497148023,1.29907225458919,0.454659711417684,1.23606736848178,0.217798043517163,1.39704558405868,1.49553962144589,0.966091014748518,1.06383398683422,1.3484198991714,-0.45594435957425,0.612500447356149,0.979943890516423,1.62997545677509,1.66839629983099,-0.563570149506242,1.65475648703768,1.03641324945086,1.10908402227895,1.06365945512824,1.63017033249589,0.182233994193318,0.759732081357753,1.04727315400428
0.574925922284901,-1.3409108298719,1.25403238837279,0.636163608265546,0.909019097749889,0.976939608104358,1.05294232486792,1.23664083291693,0.931942920620726,0.218990078889306,0.830099092161018,0.676968921646029,0.554544929324577,0.835028108367639,-0.48022851544889,0.790583233015042,0.696489095552839,0.831015416285083,0.867822559617484,0.979849202023542,0.834573425990885,-0.869735708164304,1.12187392393307,0.190499163965373,0.70258176498605,0.294288909666071,0.73478015960686,0.778706144348506,-0.313862244471101,0.732532702861496,-0.470396262100417,0.859155453644271,1.12862076150553,1.26064590331618,0.794370234747448,0.497345338613732,0.363496024791849,0.29764881077798,1.15211556398522,0.784603567282674,1.07968632204719,-1.57420627655645,0.991978196856871,0.602910577439763,0.575712727046133,1.05593337358223,0.785364155083358,-0.797748409452739,0.29880771656133,0.226071192531147
1.31409419440918,-0.847232780869804,1.46803920198214,1.34026261901975,0.672193157444612,1.18337990909926,1.11208229260373,0.482907190788913,0.970406094283504,0.853397878629576,1.3065620348832,1.25796812234442,1.44063944459895,1.24399051874839,2.0264395614054,1.14741852940741,1.25436579393443,1.15619888409823,1.40745416213216,1.28847717075092,1.67672130435931,-0.519221288165925,0.963668275831364,1.3906533542131,1.25166716963279,0.892873367146058,1.18019583428237,1.22991972928175,0.506369789321648,1.7151352546098,0.850431184671559,1.30138271511659,0.951197426786974,0.841511702258226,1.53900647773905,1.29238139646157,1.33385941378502,-0.56423238582582,1.31804853221882,1.34112398227284,1.05507077853414,-1.05812853129446,1.32794599974422,1.57462551981722,0.958176026967834,1.41439871465804,1.34187589225083,1.04147220377372,1.41836326265697,1.08952477348893
1.09191243019272,-1.26156576126678,1.26527062967148,1.28591585968167,1.54443620792937,1.43737559676708,1.66443190506689,1.05927923266182,1.23892643532827,-0.266456145953955,1.19674554513106,1.27969764959605,1.09868760498001,0.938936437144427,0.613564691958569,0.769683981340187,1.24257649687691,1.38694737382515,1.42643935044836,0.890431574851214,0.718150834681668,-0.807278757820307,1.64516767497415,0.968263477663672,1.00294431949863,0.708079644717757,1.0128139472727,1.45712080879247,-0.169125213330707,1.2942059480266,0.209476634116851,1.38690309173708,1.31388845164097,1.33608582979309,0.88583001425775,1.10204410808923,-0.148392220412516,0.101674153272027,0.904743453993549,1.50231072442797,1.36803254143943,-1.53382075273474,1.43067790872398,1.13540107617489,1.14921296400154,1.3703805168469,1.50128819480803,0.307801471327092,1.08477762834281,0.798352324487984
0.900708522474056,-0.874860475578469,1.57889448024032,0.725871835604539,0.21236066562524,0.682761822099429,0.0972117891286156,0.268409698159126,0.234367089513904,0.541933906310997,0.516707501435503,1.12290207291379,0.665963028010327,0.558506888170399,0.816480711063811,0.278127573649103,0.145579704260118,1.18555209561809,1.43562420644413,0.535498761000052,0.447059702953542,-0.292408893182792,0.119427135370696,1.5472240049366,0.516556982638809,0.00456009315361119,0.740235295828259,0.732478552794677,0.322454842544481,0.974621804872446,0.257772357687095,0.376778539580794,0.794909790584422,0.443428679939422,0.478301591123446,0.52805692326952,0.160374906620697,-0.323323484230694,0.735258750467829,0.0282649129864592,0.706367759614109,-1.24703720224204,0.386862702135658,0.651700937162114,0.727740785910043,0.979509571664927,0.0285047210705066,0.283416139173047,0.554730044066067,0.203495460497477
0.981578576424619,-0.99305265195759,-1.48074837101527,0.649069038726851,1.96176198764515,1.14974982033261,0.703208945444095,0.474772099683119,1.08152958215477,0.52309312793275,0.414422174702877,1.30395705405552,0.815185091046881,0.756508213807018,0.82742731231042,1.2859478215024,1.10881618013374,0.643069291969686,0.377694509138346,0.795000035259668,0.996146243708918,-0.155062787694438,1.42169936774047,1.57251276381447,0.927822148971235,0.526504732283019,0.498038560958159,1.04378948339041,-0.917801565306854,0.0652134171056606,-1.02773815316252,1.29360498386753,0.951841592591439,0.867449294311622,0.76131561501044,1.10519852714981,-0.624314824011313,0.613118441760479,0.523000652814614,1.03602994698785,0.825394651993429,-1.88780875189603,0.847487504253737,0.782272574662428,0.37974612562875,0.508941904027907,1.03547292828614,0.934747297848475,1.13724770773927,0.677004042532844
1.44873655396396,-0.613294693889698,-1.35536111183187,0.385440150054364,1.41215516647878,1.01476678560918,0.446953416335397,1.40519865125052,0.288034085707436,1.03931322614634,-0.0747736411146956,1.22861103805469,0.297644678813859,0.809189538473245,0.223395110798935,1.2871384361695,0.236623375473375,1.26361723010124,0.436515794032513,1.06448554704121,0.850407407276539,-0.348837623955197,1.03836637882539,0.944074063927197,0.91627310284418,0.592622846739647,0.138292872152355,0.753178391259246,-1.79929477913554,-0.331952582007798,-1.62754389530441,0.878168187967487,0.856022921206709,0.983588743771169,0.816901435625955,0.535940325433967,0.0726536783686265,0.26176649553975,0.717079667564629,0.333979870775106,1.20488123061492,-0.754843722438704,0.714934802233843,0.74984500139236,0.273481183201661,0.557508032740403,0.333843284967598,-0.648618196290779,0.347824248768741,0.542202675295047
-1.04854060984151,-1.4531867037493,-1.9410191535378,-0.991626576907367,-1.30264967522873,-1.26649275505903,-1.53171021408491,-1.48768378388068,-1.6662671239787,-0.844265962998221,-1.66039378576203,-0.343678600365722,-1.06781895334334,-1.63762510892583,-0.565791728602525,-1.3121765209311,-0.956364416115089,-1.12990850034392,-0.839078853561955,-1.52923788912324,-1.28571275247167,-0.590761379368415,-1.44811763260862,1.68564649477847,-1.27701537161288,-2.12008263232419,-1.15461391236299,-1.27662035007762,-0.223582254372289,-1.43157904874597,-0.0759506146447464,-1.38353700488378,-0.976735030990097,-0.864436120458426,-1.55602782986161,-1.0832666565349,-1.55668700913718,-0.429592170695284,-1.69489926799757,-1.39472458534886,-1.40459553717912,-1.87648305051249,-1.64037842584628,-1.27818709564541,-1.06994396375123,-1.13253781731158,-1.3955496178922,0.437837893350003,-0.921665806824736,-1.81854885072881
-0.513920744834863,-1.31618254581056,-1.31108581571166,-1.25272565027415,-0.576201612163597,-0.816637566148815,-1.50594407784368,-1.0638834521328,-1.21318206876104,-0.997453924276593,-1.55336622908177,0.0207854869162017,-1.35928110355645,-1.20187234622411,-1.17615730571202,-0.741957459512495,-1.5106021697921,-0.931029090458436,-0.384466006876053,-1.23709130914179,-1.02563528693235,-0.708514951699569,-0.556481735753552,1.5952618585159,-1.22692814801636,-1.83510422646757,-1.49018153046824,-0.885936631551868,-1.65634764699653,-1.57365673369509,-1.27820625420437,-1.04013816242967,-1.26199215244931,-0.918747248889796,-1.11912780758369,-1.44218407332772,-0.838737340068429,-0.333345691841376,-1.3806088735128,-1.29526128414504,-0.987696427386129,-1.15697399017502,-1.12131700281072,-1.27700941425737,-1.21418457350101,-1.07513639890565,-1.29543008472681,-1.72027659878689,-1.42874630778996,-1.73554499302919
-0.0919945954069068,-1.64243833902923,-1.4330058553126,0.327140734641438,-0.209533910752532,-0.201420749983766,0.0662241370380825,0.171948228926008,0.222327101977405,0.851729828655335,0.196216780334511,-0.625890949209136,0.0292437987420764,0.0756659381197921,0.353060318849543,0.264661450572173,0.285253364073683,-0.287088860355856,-0.406129151560447,0.0986003007781828,0.164511331538544,-0.682084854933899,-0.624062320312138,-0.332915672632986,0.0815035100433229,-0.672728139818235,0.416631929994748,0.179816704520048,2.47181772016849,-0.080443040362749,2.72383118036989,-0.149992784103623,-1.0080720392279,-0.651145996730605,-0.408208402074109,0.516346374023032,-0.151419519534416,0.771053240192171,-0.00123321487198626,0.320335041766725,-0.429592005443198,-1.48695242755952,-0.157837962636767,0.0298823716426199,0.912628685201081,-0.281346586503742,0.320051911592093,1.70010424872612,0.766281904381743,-0.598908546928816
-1.02810293169715,-0.945574285163725,-1.18830486552797,-1.28852509737493,-0.992776532025157,-1.26568774738686,-0.977676671481206,-1.2244260304094,-0.841671606502353,-0.164794042916559,-1.26677390612332,-1.53655075502837,-1.25908315492204,-1.55818328505673,-1.16176042516758,-0.862794936945322,-1.28293665077134,-1.03482384045398,-1.3528646292391,-0.801186939699218,-0.894129906856277,-0.266515842694406,-1.09219886684098,-0.760018693841427,-1.1855533356857,-1.52071547193239,-1.04683894938471,-1.15194629478636,-0.33556183588256,-1.4215144757404,-0.694882651579394,-1.14100105004073,-1.40645634714764,-1.70543694805532,-1.16512869231058,-1.2805083892258,-1.33626186965243,0.170057725768141,-0.808663948413876,-1.160674515596,-1.12978397962232,-1.33644719139575,-1.1070266594926,-1.13666845213966,-1.37355942164052,-1.36810101336035,-1.16124224766311,-0.937892678381732,-1.13033611047498,-1.67045610115803
0.156062056842734,-1.12644952090757,-1.34440824441333,-0.532814942957923,-0.96347464730893,-0.50446106186741,-0.416267252223817,-0.31037201495841,-0.400781309376887,0.0810195555965861,-0.438376210365636,-0.875487158127231,-0.187914368999809,-0.406589682846117,0.216963005606669,-0.130419644839126,-0.452253479099396,-0.302862737373082,-0.916193021035834,-0.371275909432776,-0.173825665177071,-0.500873637340143,-0.958444013729466,-1.4271250178093,-0.307346578938673,-0.975174747638235,-0.26967690703967,-0.514892897403194,0.876042958219638,-0.551945248643756,0.00920640053971767,-0.639412338808486,-0.67366426742845,-0.399363724496785,-0.149492046390797,-0.189157829653089,0.0314815195955166,0.685268885553748,-0.400857840900204,-0.473906810057628,-0.463274915545038,-1.29374617446277,-0.587098726862563,-0.355114124132078,-0.0689197476329934,-0.65811866682665,-0.473740576105388,0.635332148528844,0.11185926401127,-0.788388636567986
-1.31055818948091,-0.624776620758697,-1.24563533746791,-1.41860255689642,-0.778157137598462,-1.48156926180155,-1.55946028080658,-1.17715923565401,-1.76278897825381,-0.703237297820014,-1.67649389886568,-1.42363775479634,-1.43763233294922,-1.8443374927504,-1.27715474847344,-1.26157143651329,-1.78207900638852,-1.09261465535667,-1.48093717846664,-1.11270196022662,-0.779758443664538,-0.778860032327715,-1.55093717294331,-1.32202768537248,-1.40189451004761,-1.8545990335084,-1.31903626037859,-1.72963077074738,-0.632060244814019,-1.56761114646366,-0.25774356981448,-1.42777889890741,-1.14273690087225,-0.869119091702226,-1.25953856998295,-1.50504750853829,-2.11220802991693,0.0289396770588634,-1.25356922375801,-1.79890584039977,-1.38452683841212,-0.242500404138783,-1.68269461513037,-1.42796497390808,-1.1243170023724,-1.35325660085647,-1.79834488513533,-0.294172201597027,-1.39409165286895,-1.69339205114493
-0.970052361409027,-1.2852209762375,-1.5854313944669,-1.62611605861418,-2.03281459529834,-1.35264782914695,-1.72052853608273,-0.682238646216524,-1.67272631541646,-0.234267203491455,-1.78365477826591,-1.60194855043243,-1.51541742546836,-1.42235755347878,-1.39817643549,-0.865774428866997,-1.82358534355567,-0.928918782397917,-1.74584470003067,-0.983889936995996,-1.12049414826118,-0.419854473175931,-1.47175921704362,-1.54740807870074,-1.23322625234759,-1.86241978487656,-1.58921575404549,-1.28624037922529,-0.956947161851517,-1.88498595883536,-0.978880272907276,-1.6170805704368,-0.819060189443547,-0.964356814995467,-1.07409546879045,-1.60203679729345,-0.798154670464295,0.745952093330315,-0.959852584858651,-1.47412218692059,-1.06119521198655,-0.654066865703409,-1.40854801927972,-1.40848717331656,-1.53111135100195,-1.52411422654118,-1.47342548015886,-1.32313610266003,-1.66850045445908,-1.95890377288096
-0.301563812763463,-0.766106559353037,-1.32999489363143,-1.1335155710171,0.0961712428941027,-0.863726544385483,-0.671663245144519,-0.711462358416411,-0.675951379344264,-0.139069810520069,-0.774634776988216,-1.00342675872915,-0.978145230352793,-0.733651889915231,-0.803106456890883,-0.365950102952404,-1.08393280950101,-1.07014379858802,-1.29234817943425,-0.33506113531518,-0.262931767036712,-0.107983376765893,-0.0596727294590667,-1.07095980645216,-0.791744541179253,-0.983042986529194,-1.0513893536128,-0.891446470798251,-1.35319938827308,-1.09684639032771,-1.62429513696273,-0.433302782110553,-1.20242956378473,-1.55199868947797,-0.307650582697831,-0.876121175639218,0.141136455929887,-0.0502604183709361,-0.497831660315185,-0.349110260365637,-1.05398959713919,-0.872791460765284,-0.693818212861483,-0.806374672058171,-1.5709764504169,-1.09714334112633,-0.348900311001547,-0.962745114135731,-0.743059093741211,-1.03113319646699
-1.70275913895348,-0.930302050843418,-1.30817767443223,-1.83484596691618,-0.986880180532791,-1.52101879792296,-1.63577392834034,-1.06021384848651,-1.51892398299929,-1.49341525352382,-1.8704378104011,-1.77125381911163,-1.89666721109624,-2.1053845443873,-1.95290001716264,-1.48122530667334,-1.93277846047536,-1.3224512380583,-1.7399727187068,-1.63208997598115,-1.56083929070779,-0.341545471531108,-1.47529515894825,-1.3974344361117,-1.91392346132145,-2.20203664794847,-1.93968802185518,-1.47990087700308,-1.353197768857,-2.06615851072109,-1.20843654958839,-1.6651886303526,-1.32021062681632,-1.84386936266305,-1.7403333186509,-1.93813598459057,-1.97417760955479,0.385734995527549,-1.57589498151827,-1.96673110420088,-1.32465860583551,-0.915224426773506,-1.53231088715692,-1.83291961202304,-1.27940175783951,-1.8859061855413,-1.96787230784531,-2.17392652451088,-2.12827976662954,-2.15259496600132
-0.583448434332162,0.420786464199759,0.51020446125659,-0.353410399632489,-0.962126965001792,-0.438750570673569,-0.0971329735294982,-0.569044588962065,-0.0161442892399182,0.328941222437886,0.129965319391169,-0.812212575054188,-0.242445589710252,-0.00456001514658544,0.153251357144037,-0.13531473491564,-0.360774064624845,-0.818726563898272,-0.316906673584326,-0.129358718401204,-0.086501375141204,-0.152976794490505,-0.530120868105023,-0.802278634896628,-0.335760927704226,-0.0843383378377144,0.0190296825448359,-0.409854803193998,0.738582173232865,0.106754129366376,0.843630284456487,-0.613158080269072,-0.878179387028602,-0.782528612092424,-0.645331943887759,-0.484609586817119,0.220900789135953,-0.066128082230356,-0.0688004537782502,-0.124791745542124,-0.493122256037747,0.364720253665909,-0.267404254678572,-0.190928632625213,-0.24256879629387,-0.432104031655394,-0.12448020758023,-0.102649734445925,-0.174993061952314,-0.289924103232562
-0.961589263033319,-0.362829047941819,0.362551586609507,-0.962956129477153,-1.07354802935585,-0.989416875130079,-0.723415901077695,-0.823230359326764,-0.564088591606511,-1.29150194829643,-0.624062621224243,-0.85971785395985,-0.770554636577199,-1.40919620116154,-0.95086567668474,-1.06055641642085,-0.576272795878349,-1.14333032257549,-0.679409144522266,-1.01485339953487,-0.867062620873131,-0.92999014223032,-0.968598706301557,-1.13743050750464,-1.0700761189598,-1.2530315485178,-0.933911235233478,-1.08388176506543,-0.229752951571714,-0.442779925248994,-0.441336527065572,-1.07141193323693,-0.896268848320558,-0.575694607972804,-1.19057213810753,-0.938475834166439,-1.85580355603872,0.0674486907867435,-1.00525613482202,-0.833453498586392,-1.04105574499509,-0.200270054547946,-0.84569660750638,-0.907586110703546,-1.11877864282307,-0.769302875751439,-0.833283676970364,-0.839005624066521,-0.944927342539197,-1.0728057691116
-1.40189189074483,-0.181261477228034,0.236731146918752,-1.00725049793688,-1.24477106822439,-1.01625753720362,-0.764003810657107,-0.603314883289271,-1.39618089392846,-0.544793700555915,-0.918598222743688,-1.04486513118387,-0.927039788009923,-1.45492056710572,-0.532508682250934,-0.89554318278363,-0.794610963448076,-1.26435295492401,-0.797834114023821,-0.769487086364183,-1.07208271572143,-0.395384880055618,-1.38154500584457,-0.699766688561925,-1.02409442468314,-1.09357853460714,-0.997884902131772,-0.985164393298462,-0.0404744354156128,-0.236997123582392,-0.00892474213278787,-1.01498576960253,-0.870967905827837,-0.737138641053607,-0.873908023932308,-0.807739231840671,-1.06719701135687,0.448472789109684,-0.772471709046625,-1.02986090426692,-0.978107556370756,-0.208779964232734,-1.10585692991636,-0.7876885524131,-0.771041016582704,-0.811484646043426,-1.03018353355823,0.4428252984712,-0.927184281578781,-1.09049323940109
-0.080013101885367,-0.340348420933456,0.122675319637566,-0.272228603798622,0.505468232129025,-0.311215325130868,-0.218630173251373,0.0924133816955406,-0.237305187219456,-0.227596612082393,-0.123671398951574,-0.562889893580063,-0.2008882043602,-0.314511428865617,0.27853122236134,-0.161114927319763,0.107769921283612,-0.0880752348320443,-0.288970456256984,-0.0835130915085308,0.120413612558376,-0.639896879822044,0.0319768570070386,-0.925647937638766,-0.175757869676452,-0.276803274354303,-0.366244511532621,-0.181525279917194,-1.0316726475024,-0.00853549086791447,-0.591843769998113,-0.131822787117514,-0.345781524562972,-0.475046359649723,-0.540511570336155,0.114538148200756,-0.796633531672919,-0.18109368909111,-0.243842998082535,-0.160161412894069,0.0400150266802944,-0.371751580911778,-0.0155411893730888,0.0311013313431173,-0.39030792910894,-0.254789834815214,-0.159489201760192,0.521145160092595,0.0896102788256571,-0.277125784051653
